player_name,team,conf,GP,Min_per,Ortg,usg,eFG,TS_per,ORB_per,DRB_per,AST_per,TO_per,FTM,FTA,FT_per,twoPM,twoPA,twoP_per,TPM,TPA,TP_per,blk_per,stl_per,ftr,yr,ht,num,porpag,adjoe,pfr,year,pid,type,Rec Rank,ast/tov,rimmade,rimmade+rimmiss,midmade,midmade+midmiss,rimmade/(rimmade+rimmiss),midmade/(midmade+midmiss),dunksmade,dunksmiss+dunksmade,dunksmade/(dunksmade+dunksmiss),pick,drtg,adrtg,dporpag,stops,bpm,obpm,dbpm,gbpm,mp,ogbpm,dgbpm,oreb,dreb,treb,ast,stl,blk,pts,Unnamed: 64,Unnamed: 65,player_name_clean,pts_prev,pts_improvement,pts_first_year,pts_total_improvement,treb_prev,treb_improvement,treb_first_year,treb_total_improvement,ast_prev,ast_improvement,ast_first_year,ast_total_improvement,TS_per_prev,TS_per_improvement,TS_per_first_year,TS_per_total_improvement,bpm_prev,bpm_improvement,bpm_first_year,bpm_total_improvement,Min_per_prev,Min_per_improvement,Min_per_first_year,Min_per_total_improvement,usg_prev,usg_improvement,usg_first_year,usg_total_improvement,pts_career_avg,treb_career_avg,ast_career_avg,TS_per_career_avg,bpm_career_avg,Min_per_career_avg,usg_career_avg,years_in_college,name_std,draft_year,draft_pick,draft_round,was_drafted,raptor_total_mean,war_total_sum,season_count,mp_sum,target_drafted,target_draft_pick,is_low_pick,is_high_nba_performer,is_diamond
Adonis Thomas,Memphis,CUSA,36,72.8,101.9,21.7,43.9,48.21,6.1,11.0,12.4,14.4,85,113,0.752,129,294,0.439,26,89,0.292,2.4,1.3,29.5,So,7-Jun,4.0,2.12101,104.886,1.9,2013,21068,all,98.4,1.1896841,45.0,71.0,84.0,223.0,0.6338,0.3767,6.0,8.0,0.75,,97.3656,94.3216,3.19247,170.293,1.23764,0.435016,0.802621,1.47932,29.3333,1.3293,0.150024,1.5278,2.9444,4.4722,1.9167,0.6667,0.6944,11.6944,Wing F,4.80678,Adonis Thomas,8.8421,2.8522999999999996,8.8421,2.8522999999999996,3.2105,1.2616999999999998,3.2105,1.2616999999999998,0.7895,1.1272000000000002,0.7895,1.1272000000000002,55.48,-7.269999999999996,55.48,-7.269999999999996,2.81482,-1.57718,2.81482,-1.57718,32.2,40.599999999999994,32.2,40.599999999999994,18.5,3.1999999999999993,18.5,3.1999999999999993,10.26825,3.84135,1.3531,51.845,2.02623,52.5,20.1,2,adonis thomas,,,,0,3.479126421,0.118405232,1.0,37.0,0,,True,True,True
Alan Williams,UC Santa Barbara,BW,24,63.2,106.1,30.7,45.6,52.04,12.4,32.0,11.9,12.7,122,161,0.758,150,326,0.46,0,3,0.0,6.4,2.1,48.9,Sr,7-Jun,15.0,4.22675,122.944,3.5,2015,23020,all,,0.88238592,57.0,97.0,93.0,229.0,0.5876,0.4061,4.0,4.0,1.0,,91.4652,90.4873,4.1563,194.622,5.16442,1.29561,3.86882,6.77639,32.5769,4.97343,1.80295,3.3077,8.5385,11.8462,1.7308,1.1923,1.8077,17.2692,PF/C,0.238887,Alan Williams,21.0,-3.7307999999999986,7.25,10.0192,11.2692,0.577,6.7143,5.1319,1.1923,0.5385,0.5357,1.1951,55.94,-3.8999999999999986,54.42,-2.3800000000000026,5.72039,-0.5559700000000003,4.81663,0.3477899999999998,72.7,-9.5,42.7,20.5,34.9,-4.199999999999999,22.6,8.099999999999998,15.59135,10.111275,1.07625,53.56,4.584935,60.375,30.575,4,alan williams,,,,0,6.125953792,2.370290019,4.0,872.0,0,,True,True,True
Alec Peters,Valparaiso,Horz,28,76.3,117.8,29.5,52.7,59.63,8.0,23.2,15.0,13.5,167,188,0.888,149,290,0.514,55,149,0.369,1.0,1.2,42.8,Sr,9-Jun,25.0,5.31891,130.94,2.6,2017,29744,all,50.0,0.90140097,79.0,119.0,70.0,171.0,0.6639,0.4094,7.0,9.0,0.7778,54.0,96.3548,97.4582,3.8043,203.71,4.93177,4.49912,0.432646,7.68101,35.1379,7.27159,0.409418,2.5517,7.5517,10.1034,2.2069,0.7931,0.3793,22.9655,Stretch 4,8.71721,Alec Peters,18.6,4.365499999999997,12.7419,10.2236,8.6286,1.4748,5.0323,5.0711,1.2571,0.9498,1.3871,0.8198000000000001,64.72,-5.089999999999996,58.96,0.6700000000000017,6.97346,-2.04169,1.42549,3.5062800000000003,82.0,-5.700000000000003,76.0,0.2999999999999971,22.9,6.600000000000001,20.7,8.8,17.768025,7.610200000000001,1.5216,61.38,4.8098125,78.325,24.175,4,alec peters,2017.0,54.0,2.0,1,0.382036123,0.359275877,1.0,225.0,1,54.0,True,True,True
Alex Caruso,Texas A&M,SEC,37,71.1,111.6,17.5,56.6,59.75,4.1,9.5,31.1,26.8,51,65,0.785,83,145,0.572,28,76,0.368,1.6,4.2,29.4,Sr,5-Jun,21.0,2.53627,112.646,3.4,2016,24216,all,83.2,2.12639288,70.0,101.0,13.0,44.0,0.6931,0.2955,16.0,18.0,0.8889,,92.8983,87.9836,4.04549,230.328,8.93768,3.87646,5.06121,8.08564,28.8378,2.58753,5.49811,1.0811,2.5405,3.6216,5.0,2.0811,0.3784,8.1351,Pure PG,4.11003,Alex Caruso,9.1212,-0.9861000000000004,5.5152,2.6198999999999995,4.5455,-0.9238999999999996,3.2424,0.3792,5.5152,-0.5152000000000001,3.3939,1.6061,55.19,4.560000000000002,45.13,14.619999999999996,6.47715,2.4605300000000003,4.36197,4.57571,78.0,-6.900000000000006,60.4,10.699999999999996,21.0,-3.5,20.4,-2.8999999999999986,7.942875,3.749425,4.727275000000001,53.84,6.62205,70.65,20.0,4,alex caruso,,,,0,2.2433807001195434,10.839016424953742,5.0,4306.0,0,,True,True,True
Alex Stepheson,USC,P10,34,81.9,104.8,17.5,55.2,55.02,11.8,21.8,1.1,16.5,59,115,0.513,137,248,0.552,0,0,0.0,3.8,0.7,46.4,Sr,10-Jun,1.0,2.27568,104.945,2.8,2011,2334,all,91.0,0.11540473,91.0,132.0,46.0,116.0,0.6894,0.3966,33.0,37.0,0.8919,,95.6905,90.587,4.13128,210.721,1.32487,-0.648659,1.97353,2.62627,32.8824,1.34628,1.27999,3.2353,5.9706,9.2059,0.1765,0.3824,1.1471,9.7941,C,0.0,Alex Stepheson,8.4286,1.3655000000000008,8.4286,1.3655000000000008,7.1786,2.027299999999999,7.1786,2.027299999999999,0.2857,-0.1092,0.2857,-0.1092,48.31,6.710000000000001,48.31,6.710000000000001,1.72501,-0.4001399999999999,1.72501,-0.4001399999999999,59.8,22.10000000000001,59.8,22.10000000000001,22.3,-4.800000000000001,22.3,-4.800000000000001,9.11135,8.19225,0.2311,51.665000000000006,1.52494,70.85,19.9,2,alex stepheson,,,,0,0.607171439,0.12319189,1.0,73.0,0,,True,True,True
Amir Johnson,Radford,BSth,28,79.7,91.9,15.6,41.7,43.43,1.2,8.5,30.2,25.1,31,59,0.525,37,91,0.407,29,102,0.284,0.4,1.6,30.6,Sr,9-May,11.0,-0.12643,83.4002,3.0,2010,3355,all,2.0,2.42429262,11.0,28.0,26.0,62.0,0.3929,0.4194,0.0,0.0,,,99.3184,102.837,2.7091,160.438,-2.74979,-1.90614,-0.843647,-3.03842,33.4286,-3.30527,0.266853,0.3929,2.8571,3.25,5.7143,0.9643,0.1429,6.8571,Pure PG,6.07159,Amir Johnson,9.6667,-2.8096000000000005,9.6667,-2.8096000000000005,4.8667,-1.6166999999999998,4.8667,-1.6166999999999998,5.1667,0.5476000000000001,5.1667,0.5476000000000001,50.19,-6.759999999999998,50.19,-6.759999999999998,-1.09674,-1.65305,-1.09674,-1.65305,91.5,-11.799999999999995,91.5,-11.799999999999995,17.4,-1.799999999999999,17.4,-1.799999999999999,8.2619,4.05835,5.4405,46.81,-1.923265,85.6,16.5,2,amir johnson,,,,0,1.062555280166667,20.714402929,6.0,9994.0,0,,True,True,True
Andrew Goudelock,College of Charleston,SC,37,88.0,113.6,33.1,54.9,57.5,2.3,9.9,26.4,16.3,110,134,0.821,187,377,0.496,131,322,0.407,0.5,1.5,19.2,Sr,2-Jun,3.0,5.77155,132.194,2.0,2011,3120,all,,1.31932084,41.0,68.0,146.0,309.0,0.6029,0.4725,7.0,8.0,0.875,46.0,104.713,104.361,2.75546,204.986,3.82596,5.92043,-2.09447,6.30415,35.1892,7.66592,-1.36177,0.6757,3.1892,3.8649,4.2432,0.8919,0.1892,23.7027,Scoring PG,14.6051,Andrew Goudelock,19.3529,4.349799999999998,16.7222,6.980499999999999,4.3529,-0.488,2.5,1.3649,3.8529,0.3902999999999998,1.8611,2.3821,55.84,1.6599999999999966,58.26,-0.759999999999998,3.26661,0.5593499999999998,-1.11156,4.93752,88.6,-0.5999999999999943,77.5,10.5,27.2,5.900000000000002,23.7,9.400000000000002,19.925933333333333,3.5726,3.3190666666666666,57.2,1.99367,84.7,28.0,3,andrew goudelock,2011.0,46.0,2.0,1,3.146551989,0.189572901,1.0,61.0,1,46.0,True,True,True
Angel Delgado,Seton Hall,BE,34,76.6,107.6,25.3,50.5,52.75,14.7,28.0,16.9,17.9,90,147,0.612,187,368,0.508,0,2,0.0,2.3,1.4,39.7,Sr,10-Jun,31.0,3.55143,120.864,2.9,2018,36606,all,90.8,1.10587997,117.0,191.0,70.0,177.0,0.6126,0.3955,10.0,12.0,0.8333,,99.0249,93.0391,3.86946,235.308,6.29329,3.01865,3.27464,4.94857,30.8529,3.74273,1.20584,4.0294,7.7941,11.8235,2.7647,0.7647,0.6765,13.6471,C,0.106719,Angel Delgado,15.2424,-1.5953,9.2903,4.3568,13.0606,-1.2371000000000016,9.8387,1.9848,2.2121,0.5526,0.871,1.8937,55.14,-2.390000000000001,53.19,-0.4399999999999977,5.16032,1.1329700000000005,4.31228,1.9810099999999995,81.6,-5.0,69.8,6.799999999999997,26.4,-1.099999999999998,19.0,6.300000000000001,12.03025,11.011575,1.7046,54.4375,4.9526025,75.8,22.025,4,angel delgado,,,,0,1.618306498,0.033324859,1.0,15.0,0,,True,True,True
Anthony Brown,Green Bay,Horz,27,20.9,92.7,12.7,43.6,49.88,1.7,10.9,9.1,22.8,22,34,0.647,13,36,0.361,5,11,0.455,0.0,2.0,72.3,Fr,1-Jun,11.0,-0.1438,83.0228,4.0,2016,42410,all,,1.06243672,13.0,25.0,0.0,11.0,0.52,0.0,1.0,1.0,1.0,,107.189,108.384,0.751884,50.1371,-4.33875,-3.00435,-1.33441,-4.31968,10.6296,-3.84162,-0.478065,0.1852,1.0741,1.2593,0.6296,0.4074,0.0,2.3333,Wing G,1.97627,Anthony Brown,14.7838,-12.4505,7.5758,-5.2425,6.9189,-5.659599999999999,4.7273,-3.4679999999999995,2.5405,-1.9109000000000005,0.8485,-0.2188999999999999,57.3,-7.419999999999995,54.31,-4.43,5.71511,-10.05386,-1.83606,-2.5026900000000003,87.7,-66.80000000000001,56.2,-35.300000000000004,21.2,-8.5,22.0,-9.3,6.574833333333333,3.330711111111111,0.9353666666666668,45.303333333333335,-0.8508655555555554,44.577777777777776,16.477777777777778,9,anthony brown,2015.0,34.0,2.0,1,4.983928513666666,-0.060392613,3.0,762.0,1,34.0,True,True,True
Austin Reaves,Oklahoma,B12,25,78.7,110.9,28.4,49.4,57.88,2.8,15.1,27.0,17.7,147,170,0.865,107,209,0.512,32,105,0.305,1.0,1.5,54.1,Sr,5-Jun,12.0,5.15228,128.965,1.9,2021,46787,all,,1.54666662,59.0,96.0,48.0,113.0,0.6146,0.4248,2.0,3.0,0.6667,,101.794,96.7477,3.59621,153.335,5.74304,4.89766,0.845381,6.36497,34.48,5.54387,0.821101,0.84,4.64,5.48,4.64,0.92,0.32,18.28,Combo G,7.05509,Austin Reaves,14.7097,3.570300000000002,4.0606,14.2194,5.2903,0.1897000000000002,1.7879,3.6921,3.0,1.6399999999999997,1.1212,3.5187999999999997,52.01,5.8700000000000045,64.07,-6.189999999999991,3.82946,1.9135799999999996,7.66612,-1.9230800000000008,83.1,-4.3999999999999915,27.9,50.8,25.6,2.799999999999997,15.5,12.9,11.2853,3.91985,2.697875,59.1075,5.5309,60.724999999999994,21.575,4,austin reaves,,,,0,0.4129260058122228,0.2238556962294207,1.0,140.0,0,,True,True,True
Ayo Dosunmu,Illinois,B10,28,78.4,110.8,29.4,52.6,56.64,3.9,15.8,29.2,18.0,112,143,0.783,178,347,0.513,32,83,0.386,0.6,1.8,33.3,Jr,5-Jun,11.0,5.51004,131.045,2.4,2021,66420,all,93.8,1.58065879,113.0,173.0,65.0,175.0,0.6532,0.3714,10.0,10.0,1.0,38.0,95.7054,88.8015,4.62736,194.087,8.56789,5.21167,3.35622,8.2811,35.1429,5.92089,2.36021,1.1071,5.2143,6.3214,5.25,1.1071,0.2143,20.1429,Combo G,4.72946,Ayo Dosunmu,16.6,3.5428999999999995,13.8125,6.330400000000001,4.3333,1.988099999999999,4.0,2.3213999999999997,3.3333,1.9167,3.25,2.0,54.21,2.4299999999999997,52.73,3.910000000000004,4.36513,4.2027600000000005,3.77726,4.79063,81.6,-3.1999999999999886,74.8,3.6000000000000085,25.5,3.8999999999999986,23.8,5.599999999999998,16.8518,4.8849,3.944433333333333,54.526666666666664,5.570093333333333,78.26666666666667,26.233333333333334,3,ayo dosunmu,2021.0,38.0,2.0,1,4.895107822037483,0.2952210183947814,1.0,77.0,1,38.0,True,True,True
Bruce Brown Jr.,Miami FL,ACC,19,49.6,100.5,22.1,45.7,48.81,4.6,20.0,21.3,17.9,44,70,0.629,62,128,0.484,16,60,0.267,2.5,2.3,37.2,So,5-Jun,11.0,2.13344,105.941,2.7,2018,46262,all,94.6,1.76740894,48.0,89.0,14.0,39.0,0.5393,0.359,14.0,15.0,0.9333,42.0,96.6113,94.6021,4.02003,132.763,6.08811,1.98011,4.108,4.37885,33.6842,1.45389,2.92496,1.3158,5.7895,7.1053,4.0,1.3158,0.7895,11.3684,Wing G,5.51194,Bruce Brown Jr.,,,11.3684,0.0,,,7.1053,0.0,,,4.0,0.0,,,48.81,0.0,,,6.08811,0.0,,,49.6,0.0,,,22.1,0.0,11.3684,7.1053,4.0,48.81,6.08811,49.6,22.1,1,bruce brown,2018.0,42.0,2.0,1,1.0632888736658233,7.909727908005558,4.0,5011.0,1,42.0,True,True,True
Casper Ware,Long Beach St.,BW,32,84.3,109.6,26.3,50.2,54.58,1.3,6.9,21.5,15.8,115,146,0.788,90,199,0.452,91,252,0.361,0.3,2.1,32.4,Sr,9-May,22.0,3.98764,118.412,2.4,2012,7271,all,,1.42860115,43.0,71.0,47.0,128.0,0.6056,0.3672,1.0,1.0,1.0,,99.459,98.3507,3.27759,175.618,3.17987,3.96957,-0.7897,4.40974,34.0,4.23233,0.17741,0.375,2.0625,2.4375,3.4375,1.1875,0.0938,17.75,Scoring PG,13.6429,Casper Ware,17.0938,0.6561999999999983,9.1,8.65,2.4375,0.0,2.1333,0.3041999999999998,4.2188,-0.7812999999999999,4.0667,-0.6292,57.33,-2.75,48.78,5.799999999999997,3.60275,-0.4228799999999997,-3.22181,6.401680000000001,87.5,-3.200000000000003,71.4,12.899999999999991,24.8,1.5,22.0,4.300000000000001,13.937575,2.502075,4.108175,51.8675,1.11277425,81.55,24.125,4,casper ware,,,,0,4.978976436,0.459066742,1.0,116.0,0,,True,True,True
Charles Brown III,Incarnate Word,Slnd,25,53.2,104.6,23.6,59.0,62.49,3.2,13.3,9.9,21.0,44,51,0.863,82,132,0.621,22,63,0.349,0.0,1.5,26.2,Sr,7-Jun,13.0,1.58407,107.328,4.8,2019,43776,all,,0.46154704,56.0,79.0,26.0,53.0,0.7089,0.4906,2.0,2.0,1.0,,118.539,120.522,0.71246,85.6866,-5.39664,-0.166992,-5.22965,-3.6545,22.0345,-0.148018,-3.50649,0.4828,2.2069,2.6897,0.8276,0.5172,0.0,10.7931,Wing G,6.51099,Charles Brown III,13.5,-2.706899999999999,13.5,-2.706899999999999,5.1923,-2.5026,5.1923,-2.5026,1.1923,-0.3646999999999999,1.1923,-0.3646999999999999,54.88,7.609999999999999,54.88,7.609999999999999,-4.59247,-0.80417,-4.59247,-0.80417,73.4,-20.200000000000003,73.4,-20.200000000000003,22.8,0.8000000000000007,22.8,0.8000000000000007,12.14655,3.941,1.00995,58.685,-4.994555,63.3,23.200000000000003,2,charles brown,,,,0,6.350950023,0.189185564,1.0,40.0,0,,True,True,True
Christian Wood,UNLV,MWC,32,81.5,105.3,26.5,52.5,56.56,10.4,22.7,8.5,17.2,114,156,0.731,155,279,0.556,25,88,0.284,8.0,0.6,42.5,So,10-Jun,5.0,3.64108,117.603,3.2,2015,29282,all,90.4,0.5443001,101.0,151.0,54.0,127.0,0.6689,0.4252,57.0,59.0,0.9661,,94.0666,93.1696,3.87095,225.504,4.05841,1.43628,2.62213,4.3575,32.6667,3.39767,0.95983,2.8485,7.1212,9.9697,1.303,0.3333,2.7273,15.7273,PF/C,5.13674,Christian Wood,4.5,11.2273,4.5,11.2273,3.2333,6.7364,3.2333,6.7364,0.3333,0.9697,0.3333,0.9697,50.51,6.050000000000004,50.51,6.050000000000004,3.21582,0.8425900000000004,3.21582,0.8425900000000004,29.3,52.2,29.3,52.2,18.5,8.0,18.5,8.0,10.11365,6.6015,0.8181499999999999,53.535,3.637115,55.4,22.5,2,christian wood,,,,0,0.0341096131496223,8.824433518910592,6.0,3391.0,0,,True,True,True
Cody Martin,Nevada,MWC,34,86.1,119.0,18.4,56.4,59.58,3.0,11.1,25.6,16.7,74,97,0.763,117,203,0.576,34,95,0.358,2.3,2.2,32.6,Sr,7-Jun,11.0,3.59768,117.562,2.9,2019,46681,all,85.6,2.57803864,73.0,102.0,44.0,101.0,0.7157,0.4356,14.0,15.0,0.9333,36.0,95.2508,93.9723,4.24096,231.781,6.17052,3.51245,2.65807,6.08489,34.4412,3.0644,3.02049,0.9118,3.5294,4.4412,4.8529,1.3529,0.7059,12.0588,Scoring PG,4.54837,Cody Martin,14.0556,-1.9968000000000004,3.4211,8.637699999999999,6.25,-1.8087999999999995,2.0,2.4412000000000003,4.6944,0.1585,1.2105,3.6424,56.88,2.6999999999999957,48.45,11.129999999999995,7.78471,-1.6141899999999998,4.33724,1.8332799999999991,85.6,0.5,14.9,71.19999999999999,21.5,-3.1000000000000014,22.2,-3.8000000000000007,8.89145,4.2637,3.257625,53.7375,5.550195,62.625,19.35,4,cody martin,2019.0,36.0,2.0,1,1.6896050603501969,4.090116068429047,3.0,1949.0,1,36.0,True,True,True
Cory Jefferson,Baylor,B12,36,72.3,114.3,23.6,51.4,54.95,11.3,20.9,7.7,12.5,128,198,0.646,159,313,0.508,14,37,0.378,4.6,0.8,56.6,Sr,9-Jun,34.0,3.79985,125.569,3.1,2014,22196,all,86.8,0.71999422,100.0,138.0,59.0,176.0,0.7246,0.3352,67.0,79.0,0.8481,60.0,102.411,96.0337,3.37498,193.933,5.20077,3.45451,1.74626,5.28431,29.3056,4.61394,0.670373,2.7778,5.3611,8.1389,1.0,0.3611,1.2778,13.5556,PF/C,2.17329,Cory Jefferson,13.3889,0.1667000000000005,1.0,12.5556,7.8611,0.2777999999999991,0.95,7.188899999999999,0.2778,0.7222,0.0,1.0,64.38,-9.429999999999993,47.0,7.950000000000003,6.29958,-1.0988099999999994,-4.4735,9.67427,69.8,2.5,5.9,66.39999999999999,19.0,4.600000000000001,16.3,7.300000000000001,7.8346,4.8663,0.342175,54.8625,2.808945,42.75,19.0,4,cory jefferson,2014.0,60.0,2.0,1,0.7654917565,1.089909943,2.0,581.0,1,60.0,True,True,True
Coty Clarke,Arkansas,SEC,34,54.9,113.8,21.4,49.4,55.58,6.7,20.2,20.0,15.3,85,105,0.81,80,180,0.444,25,58,0.431,2.4,3.7,44.1,Sr,7-Jun,4.0,2.44601,119.809,5.4,2014,27603,all,,1.80007553,44.0,74.0,36.0,106.0,0.5946,0.3396,9.0,10.0,0.9,,90.3168,87.3621,3.2223,194.514,7.72779,3.22913,4.49866,7.34633,22.2647,3.10894,4.23739,1.3824,4.2059,5.5882,2.3824,1.5,0.5294,9.4118,Wing F,4.22833,Coty Clarke,7.6129,1.7988999999999995,7.6129,1.7988999999999995,5.1935,0.3946999999999994,5.1935,0.3946999999999994,1.129,1.2534,1.129,1.2534,60.21,-4.630000000000003,60.21,-4.630000000000003,7.17916,0.5486299999999993,7.17916,0.5486299999999993,49.0,5.899999999999999,49.0,5.899999999999999,19.1,2.299999999999997,19.1,2.299999999999997,8.51235,5.39085,1.7557,57.895,7.453475,51.95,20.25,2,coty clarke,,,,0,6.51453562,0.029094311,1.0,6.0,0,,True,True,True
Dakari Johnson,Kentucky,SEC,39,40.3,108.6,23.1,50.6,55.26,13.4,19.1,8.9,17.9,90,144,0.625,79,156,0.506,0,0,0.0,6.1,1.4,92.3,So,Jul-00,44.0,1.87012,118.821,4.3,2015,29049,all,98.2,0.69050052,58.0,91.0,21.0,65.0,0.6374,0.3231,14.0,14.0,1.0,48.0,81.6239,77.33,2.80209,135.759,8.05064,2.62561,5.42504,6.86315,16.2821,2.52772,4.33542,1.7179,2.8718,4.5897,0.7436,0.359,0.9231,6.359,C,0.0,Dakari Johnson,5.1795,1.1795,5.1795,1.1795,3.9487,0.6409999999999996,3.9487,0.6409999999999996,0.2821,0.4615,0.2821,0.4615,54.78,0.4799999999999969,54.78,0.4799999999999969,4.24905,3.801589999999999,4.24905,3.801589999999999,34.1,6.199999999999996,34.1,6.199999999999996,19.8,3.3000000000000007,19.8,3.3000000000000007,5.7692499999999995,4.2692,0.51285,55.02,6.149845,37.2,21.450000000000003,2,dakari johnson,2015.0,48.0,2.0,1,3.735937896,0.539144529,1.0,164.0,1,48.0,True,True,True
Dalano Banton,Nebraska,B10,26,68.4,92.6,22.8,44.6,48.63,3.7,18.4,27.5,21.9,56,84,0.667,66,133,0.496,19,79,0.241,3.6,1.9,39.6,So,9-Jun,45.0,1.5723,101.812,3.1,2021,65803,all,81.8,1.56715703,44.0,73.0,22.0,60.0,0.6027,0.3667,3.0,5.0,0.6,46.0,100.274,92.6329,3.28808,153.221,4.53524,0.503364,4.03187,3.9687,27.2593,1.32237,2.64633,1.0,4.8889,5.8889,3.8889,0.963,0.9259,9.5556,Stretch 4,6.0565,Dalano Banton,3.3871,6.1685,3.3871,6.1685,2.9677,2.9212,2.9677,2.9212,2.0968,1.7921,2.0968,1.7921,46.59,2.039999999999999,46.59,2.039999999999999,-1.13511,5.67035,-1.13511,5.67035,34.0,34.400000000000006,34.0,34.400000000000006,19.6,3.1999999999999993,19.6,3.1999999999999993,6.47135,4.4283,2.99285,47.61,1.700065,51.2,21.200000000000003,2,dalano banton,2021.0,46.0,2.0,1,3.526804219833936,0.29813018022053,1.0,93.0,1,46.0,True,True,True
Damion Lee,Louisville,ACC,30,81.1,117.9,21.8,51.4,57.09,2.2,11.1,10.7,13.6,113,134,0.843,91,176,0.517,61,179,0.341,0.1,2.8,37.7,Sr,6-Jun,0.0,4.3135,124.028,2.5,2016,23228,all,50.8,1.17999637,65.0,100.0,26.0,76.0,0.65,0.3421,6.0,6.0,1.0,,93.7289,87.6416,4.80755,180.351,6.23177,4.05645,2.17532,7.53817,33.5333,4.04929,3.48888,0.6333,3.2667,3.9,1.9667,1.5333,0.0333,15.9333,Wing G,10.6358,Damion Lee,21.4074,-5.4741,12.0,3.933299999999999,6.1111,-2.2111000000000005,4.3611,-0.4611000000000005,2.3333,-0.3666,1.7222,0.2444999999999999,60.48,-3.3899999999999935,59.14,-2.049999999999997,6.11027,0.1215000000000001,5.69996,0.5318100000000001,84.9,-3.8000000000000114,72.4,8.699999999999989,28.2,-6.399999999999999,21.8,0.0,15.89776,4.7366600000000005,2.0073999999999996,56.624,4.2155186,63.94,25.32,5,damion lee,,,,0,0.960330665529983,5.80061752360513,5.0,3421.0,0,,True,True,True
Daniel Gafford,Arkansas,SEC,32,67.0,112.3,25.2,65.9,65.11,11.2,22.7,6.0,18.2,114,193,0.591,213,323,0.659,0,0,0.0,8.4,1.8,59.8,So,11-Jun,10.0,3.78329,125.761,3.8,2019,51358,all,92.4,0.30265264,182.0,224.0,31.0,99.0,0.8125,0.3131,86.0,91.0,0.9451,38.0,95.1262,90.6895,3.82935,217.448,6.45392,2.10357,4.35035,7.27672,28.6875,5.11414,2.16258,2.8438,5.8125,8.6562,0.7188,0.9062,1.9688,16.875,C,0.0,Daniel Gafford,11.8,5.074999999999999,11.8,5.074999999999999,6.1714,2.4848,6.1714,2.4848,0.6857,0.0331,0.6857,0.0331,59.43,5.68,59.43,5.68,7.68631,-1.2323899999999997,7.68631,-1.2323899999999997,55.8,11.200000000000005,55.8,11.200000000000005,23.8,1.3999999999999986,23.8,1.3999999999999986,14.3375,7.4138,0.70225,62.27,7.0701149999999995,61.4,24.5,2,daniel gafford,2019.0,38.0,2.0,1,1.1966259838227389,3.586984921354407,3.0,1602.0,1,38.0,True,True,True
Danny Green,North Carolina,ACC,37,68.6,120.8,19.5,56.3,58.65,6.8,10.3,16.3,16.4,50,58,0.862,98,193,0.508,75,181,0.414,4.4,3.4,15.5,Sr,5-Jun,,3.99345,126.237,3.3,2009,900,all,94.8,1.62899097,,,,,,,,,,46.0,93.2879,87.7191,3.66784,234.1,13.0388,7.81947,5.21935,11.7557,27.5135,7.42097,4.33469,1.7568,2.8649,4.6216,2.7297,1.7838,1.3243,12.7297,,9.35889,Danny Green,,,12.7297,0.0,,,4.6216,0.0,,,2.7297,0.0,,,58.65,0.0,,,13.0388,0.0,,,68.6,0.0,,,19.5,0.0,12.7297,4.6216,2.7297,58.65,13.0388,68.6,19.5,1,danny green,2009.0,46.0,2.0,1,3.1123047414952376,60.24425502306092,9.0,18570.0,1,46.0,True,True,True
David Nwaba,Cal Poly,BW,28,68.3,103.3,27.5,45.8,50.68,8.0,17.8,26.9,16.2,106,167,0.635,120,254,0.472,1,11,0.091,1.9,2.6,63.0,Sr,4-Jun,0.0,2.64054,114.798,3.1,2016,34293,all,,1.61022257,86.0,152.0,34.0,102.0,0.5658,0.3333,14.0,15.0,0.9333,,107.554,107.066,2.07636,149.739,3.48418,2.28961,1.19458,3.80412,27.8214,3.70478,0.09934,2.1071,4.1071,6.2143,3.3929,1.2143,0.5,12.4643,Wing G,0.832424,David Nwaba,11.4167,1.0475999999999992,11.4167,1.0475999999999992,4.7083,1.5059999999999991,4.7083,1.5059999999999991,1.4583,1.9346,1.4583,1.9346,46.88,3.799999999999997,46.88,3.799999999999997,2.33186,1.15232,2.33186,1.15232,56.5,11.799999999999995,56.5,11.799999999999995,28.1,-0.6000000000000014,28.1,-0.6000000000000014,11.9405,5.4613,2.4256,48.78,2.9080199999999996,62.4,27.8,2,david nwaba,,,,0,2.017629105112119,7.350590134459827,6.0,4068.0,0,,True,True,True
DeAndre Liggins,Kentucky,SEC,38,78.8,106.5,15.9,49.2,52.25,2.2,11.8,14.2,17.3,68,105,0.648,76,172,0.442,36,92,0.391,2.3,2.3,39.8,Jr,6-Jun,34.0,2.24478,105.463,3.1,2011,7228,all,93.4,1.74540555,42.0,73.0,34.0,99.0,0.5753,0.3434,6.0,8.0,0.75,53.0,95.8686,90.4115,3.99153,220.706,6.25092,2.90719,3.34373,4.90757,31.6053,1.1657,3.74188,0.5789,3.4474,4.0263,2.5263,1.2105,0.7368,8.6316,Wing G,4.61307,DeAndre Liggins,3.7586,4.873000000000001,4.2121,4.4195,2.2759,1.7504,2.3636,1.6627,0.8276,1.6987,2.7576,-0.2313,52.14,0.1099999999999994,45.81,6.439999999999998,5.88268,0.3682400000000001,-1.24186,7.49278,29.0,49.8,38.0,40.8,12.7,3.200000000000001,21.8,-5.9,5.5341,2.8886000000000003,2.0371666666666663,50.06666666666666,3.63058,48.6,16.8,3,deandre liggins,2011.0,53.0,2.0,1,5.775013334333333,-0.601855707,3.0,1516.0,1,53.0,True,True,True
De'Anthony Melton,USC,P12,36,67.3,108.0,19.1,48.3,53.05,6.0,13.6,22.5,19.7,77,109,0.706,80,157,0.51,21,74,0.284,3.9,4.1,47.2,Fr,4-Jun,22.0,2.07288,109.135,3.3,2017,47673,all,73.4,1.95308808,67.0,107.0,13.0,51.0,0.6262,0.2549,18.0,22.0,0.8182,46.0,99.2402,94.7375,3.19273,219.037,7.1726,2.76649,4.40611,6.33269,27.0,2.28814,4.04456,1.3889,3.3333,4.7222,3.4722,1.9167,1.0278,8.3333,Combo G,4.35535,De'Anthony Melton,,,8.3333,0.0,,,4.7222,0.0,,,3.4722,0.0,,,53.05,0.0,,,7.1726,0.0,,,67.3,0.0,,,19.1,0.0,8.3333,4.7222,3.4722,53.05,7.1726,67.3,19.1,1,deanthony melton,2018.0,46.0,2.0,1,1.537255229932005,6.882027689716059,4.0,3483.0,1,46.0,True,True,True
DeJon Jarreau,Houston,Amer,31,70.6,108.5,23.5,48.9,52.35,4.9,16.4,29.3,22.0,64,91,0.703,86,181,0.475,31,90,0.344,2.4,2.7,33.6,Sr,5-Jun,3.0,3.22812,118.177,3.6,2021,47430,all,89.6,1.79728538,42.0,73.0,44.0,108.0,0.5753,0.4074,6.0,6.0,1.0,,88.292,86.41,4.00515,177.428,7.53878,3.84892,3.68986,7.52932,28.2581,3.94722,3.5821,1.2581,4.129,5.3871,4.2903,1.2581,0.5484,10.6129,Scoring PG,6.28312,DeJon Jarreau,,,10.6129,0.0,,,5.3871,0.0,,,4.2903,0.0,,,52.35,0.0,,,7.53878,0.0,,,70.6,0.0,,,23.5,0.0,10.6129,5.3871,4.2903,52.35,7.53878,70.6,23.5,1,dejon jarreau,,,,0,7.233509939615241,0.0050576229408669,1.0,1.0,0,,True,True,True
Derrick Jones Jr.,UNLV,MWC,28,47.1,111.7,22.2,60.2,60.9,7.9,13.5,8.2,14.7,74,123,0.602,105,155,0.677,7,37,0.189,6.1,1.8,64.1,Fr,7-Jun,1.0,2.14724,116.32,6.0,2016,43564,all,90.6,0.61110683,93.0,125.0,12.0,30.0,0.744,0.4,37.0,42.0,0.881,,97.6519,95.4585,2.44978,125.595,4.34856,1.36663,2.98192,3.73797,21.3571,1.60142,2.13655,1.5714,2.7143,4.2857,0.7857,0.7143,1.3214,10.8929,PF/C,3.34286,Derrick Jones Jr.,,,10.8929,0.0,,,4.2857,0.0,,,0.7857,0.0,,,60.9,0.0,,,4.34856,0.0,,,47.1,0.0,,,22.2,0.0,10.8929,4.2857,0.7857,60.9,4.34856,47.1,22.2,1,derrick jones,,,,0,2.4483841678008633,8.936275700043389,6.0,4786.0,0,,True,True,True
Devin Harris,Jacksonville,ASun,25,76.1,96.0,23.4,43.4,50.37,3.7,21.8,30.3,23.5,96,130,0.738,95,212,0.448,7,31,0.226,0.6,2.5,53.5,Sr,4-Jun,3.0,1.10742,96.5144,2.1,2018,29442,all,,1.6288866,74.0,137.0,14.0,60.0,0.5401,0.2333,9.0,10.0,0.9,,102.864,104.87,3.00206,194.172,-0.57254,-1.77858,1.20604,-1.37203,33.5862,-1.78977,0.417741,1.1379,6.4828,7.6207,5.4483,1.6897,0.1724,12.5172,Combo G,1.92239,Devin Harris,10.913,1.6042000000000003,2.2941,10.2231,5.3913,2.2294,1.7059,5.9148000000000005,2.6957,2.7525999999999997,0.5882,4.8601,58.36,-7.990000000000002,45.17,5.199999999999996,-0.241282,-0.331258,-8.09267,7.52013,49.8,26.299999999999997,11.6,64.5,18.9,4.5,18.3,5.099999999999998,7.940325,5.1054,2.4330499999999997,50.09,-2.902428,46.575,19.9,4,devin harris,,,,0,1.208941761666667,15.619941657,6.0,7652.0,0,,True,True,True
Devin Robinson,Florida,SEC,36,65.4,115.9,19.1,54.7,57.64,7.3,18.5,4.8,12.2,73,101,0.723,99,189,0.524,43,110,0.391,3.1,1.9,33.8,Jr,8-Jun,1.0,3.2438,122.652,3.4,2017,37085,all,96.6,0.58977198,62.0,86.0,37.0,104.0,0.7209,0.3558,28.0,32.0,0.875,,92.6266,87.6416,3.74997,198.996,8.11248,3.95358,4.15889,7.63672,26.4444,4.4039,3.23282,1.7222,4.3889,6.1111,0.6389,0.8611,0.8056,11.1111,Stretch 4,6.58791,Devin Robinson,8.9722,2.1388999999999996,6.4242,4.6869000000000005,5.5833,0.5278,2.7879,3.3232000000000004,0.4722,0.1667,0.697,-0.0580999999999999,56.55,1.0900000000000034,48.15,9.490000000000002,4.6263,3.48618,2.60439,5.508089999999999,57.6,7.800000000000004,47.2,18.200000000000003,17.4,1.7000000000000028,20.7,-1.599999999999998,8.835833333333333,4.827433333333334,0.6027,54.11333333333334,5.11439,56.73333333333334,19.066666666666663,3,devin robinson,,,,0,7.1707585675,0.4170418099999999,2.0,108.0,0,,True,True,True
Devon Dotson,Kansas,B12,29,84.2,114.1,26.3,51.1,57.41,1.9,10.5,23.3,15.9,140,169,0.828,140,261,0.536,35,116,0.302,0.3,3.6,44.8,So,2-Jun,1.0,5.75034,132.892,2.0,2020,65579,all,96.0,1.64385812,123.0,192.0,17.0,69.0,0.6406,0.2464,0.0,0.0,,,89.9735,85.6658,5.03973,201.924,8.91698,6.08648,2.83051,9.97168,34.8667,5.80861,4.16308,0.5667,3.5,4.0667,4.0,2.1,0.1,18.1333,Scoring PG,6.71176,Devon Dotson,12.2778,5.855499999999999,12.2778,5.855499999999999,3.6667,0.3999999999999999,3.6667,0.3999999999999999,3.5278,0.4721999999999999,3.5278,0.4721999999999999,58.96,-1.5500000000000045,58.96,-1.5500000000000045,5.86972,3.0472600000000005,5.86972,3.0472600000000005,80.2,4.0,80.2,4.0,19.8,6.5,19.8,6.5,15.20555,3.8667,3.7639,58.185,7.39335,82.2,23.05,2,devon dotson,,,,0,14.03219586,0.424086108,1.0,50.0,0,,True,True,True
Devonte' Graham,Kansas,B12,39,94.2,117.9,25.2,51.0,56.82,2.0,9.6,31.4,16.7,167,202,0.827,89,227,0.392,110,271,0.406,0.1,2.4,40.6,Sr,2-Jun,4.0,6.05396,133.726,1.5,2018,34391,all,80.4,2.58714097,54.0,125.0,35.0,103.0,0.432,0.3398,1.0,1.0,1.0,34.0,104.223,96.9292,4.25402,257.45,7.50065,6.88254,0.618118,7.71554,37.8205,6.34387,1.37167,0.6154,3.4103,4.0256,7.2308,1.5897,0.0513,17.3077,Pure PG,10.4699,Devonte' Graham,13.3611,3.9466,5.6552,11.6525,3.1111,0.9145,1.4828,2.5427999999999997,4.1389,3.0919000000000008,2.1034,5.1274,58.56,-1.740000000000002,53.56,3.259999999999998,7.41011,0.0905399999999998,4.0802,3.4204500000000007,87.2,7.0,35.8,58.400000000000006,17.8,7.399999999999999,18.9,6.300000000000001,11.87155,2.992725,4.293950000000001,57.2075,6.9830025,74.45,19.725,4,devonte graham,2018.0,34.0,2.0,1,1.5601786140226312,10.208188749717184,4.0,4810.0,1,34.0,True,True,True
Dewayne Dedmon,USC,P12,31,53.2,96.5,19.0,50.0,52.44,11.7,24.2,5.8,22.2,32,47,0.681,88,173,0.509,0,3,0.0,10.0,2.9,26.7,Jr,Jul-00,14.0,1.25908,100.445,5.4,2013,22191,all,48.6,0.38776415,48.0,72.0,39.0,99.0,0.6667,0.3939,27.0,31.0,0.871,,88.5165,84.1827,3.1758,183.119,7.28103,-0.624662,7.90569,4.85438,22.2903,-0.0909662,4.94535,2.2581,4.7097,6.9677,0.6129,1.0968,2.129,6.7097,C,0.25813,Dewayne Dedmon,7.6,-0.8902999999999999,7.6,-0.8902999999999999,5.45,1.5176999999999996,5.45,1.5176999999999996,0.3,0.3129,0.3,0.3129,55.28,-2.8400000000000034,55.28,-2.8400000000000034,1.06602,6.21501,1.06602,6.21501,36.0,17.200000000000003,36.0,17.200000000000003,21.3,-2.3000000000000007,21.3,-2.3000000000000007,7.15485,6.20885,0.45645,53.86,4.173525,44.6,20.15,2,dewayne dedmon,,,,0,0.1954590547808371,10.78762470850869,9.0,7664.0,0,,True,True,True
Dexter Pittman,Texas,B12,34,47.1,113.1,24.4,65.4,63.82,16.6,15.3,5.1,20.4,75,135,0.556,140,214,0.654,0,0,0.0,8.9,1.0,63.1,Sr,10-Jun,34.0,2.67827,125.449,5.6,2010,827,all,76.6,0.28333427,105.0,143.0,35.0,71.0,0.7343,0.493,40.0,42.0,0.9524,32.0,92.6265,87.7332,2.53615,142.338,8.09001,3.96504,4.12497,6.99774,19.0588,4.17635,2.8214,2.9706,2.8824,5.8529,0.5,0.3529,1.8529,10.4412,C,0.0,Dexter Pittman,10.1143,0.3269000000000002,10.1143,0.3269000000000002,5.4571,0.3958000000000004,5.4571,0.3958000000000004,0.3714,0.1286,0.3714,0.1286,64.22,-0.3999999999999986,64.22,-0.3999999999999986,7.39724,0.6927699999999994,7.39724,0.6927699999999994,41.1,6.0,41.1,6.0,27.9,-3.5,27.9,-3.5,10.27775,5.654999999999999,0.4357,64.02,7.743625,44.1,26.15,2,dexter pittman,2010.0,32.0,2.0,1,12.1320269,0.022600824,1.0,3.0,1,32.0,True,True,True
Draymond Green,Michigan St.,B10,37,82.8,107.3,28.2,50.4,54.22,8.2,28.5,24.2,19.7,125,173,0.723,160,338,0.473,52,134,0.388,3.4,2.7,36.7,Sr,7-Jun,23.0,4.64124,124.752,3.4,2012,8827,all,86.4,1.25893629,101.0,165.0,59.0,173.0,0.6121,0.341,13.0,14.0,0.9286,35.0,83.1827,77.9306,5.56188,304.211,11.3117,4.6544,6.65732,11.033,33.2162,5.98404,5.04892,2.1351,8.4865,10.6216,3.8108,1.4595,0.973,16.2432,Stretch 4,6.63109,Draymond Green,12.6667,3.576500000000001,3.2973,12.945900000000002,8.6061,2.015500000000001,3.2973,7.324300000000001,4.1515,-0.3407000000000004,0.8378,2.973,51.92,2.299999999999997,57.71,-3.490000000000002,12.4099,-1.0982000000000005,9.28284,2.02886,74.2,8.599999999999994,27.6,55.2,25.8,2.3999999999999986,16.4,11.8,10.524775,7.563675,2.9567750000000004,55.005,11.171985,62.05,23.05,4,draymond green,2012.0,35.0,2.0,1,4.48917753430779,96.87916405814876,9.0,21469.0,1,35.0,True,True,True
Duane Washington Jr.,Ohio St.,B10,31,79.4,107.7,25.9,51.7,55.08,0.6,11.1,18.8,15.3,76,91,0.835,82,179,0.458,89,238,0.374,0.1,0.8,21.8,Jr,3-Jun,4.0,4.21488,123.481,2.0,2021,66214,all,66.6,1.34326562,50.0,92.0,32.0,87.0,0.5435,0.3678,2.0,2.0,1.0,,108.213,100.575,2.942,147.207,4.18031,5.36115,-1.18084,4.75638,32.1613,5.53228,-0.775908,0.1613,3.2258,3.3871,2.9032,0.4194,0.0323,16.3548,Combo G,14.0928,Duane Washington Jr.,11.4643,4.890500000000001,7.0,9.3548,2.75,0.6371000000000002,2.4857,0.9014000000000002,1.4286,1.4746,1.0571,1.8461,54.13,0.9499999999999956,46.73,8.350000000000001,2.80477,1.3755400000000004,-1.57003,5.7503400000000005,55.9,23.500000000000007,42.8,36.60000000000001,23.0,2.8999999999999986,24.2,1.6999999999999993,11.606366666666666,2.8742666666666667,1.7962999999999998,51.98,1.805016666666667,59.36666666666667,24.366666666666664,3,duane washington,,,,0,15.89331936291454,0.0386120569478861,1.0,4.0,0,,True,True,True
Eric Mika,BYU,WCC,34,71.6,113.7,31.2,52.8,59.45,11.7,20.7,12.8,14.5,225,295,0.763,233,440,0.53,0,1,0.0,6.6,1.0,66.9,So,10-Jun,12.0,4.51778,132.382,3.8,2017,30962,all,92.2,0.66668018,106.0,149.0,127.0,289.0,0.7114,0.4394,36.0,38.0,0.9474,,95.3208,94.7417,3.39884,228.794,5.51159,2.84246,2.66913,7.02004,28.6471,5.79679,1.22325,3.0588,6.1176,9.1765,1.6471,0.5588,1.8529,20.3235,C,0.0539439,Eric Mika,11.8125,8.511,11.8125,8.511,6.5,2.6765000000000008,6.5,2.6765000000000008,1.0,0.6471,1.0,0.6471,55.4,4.050000000000004,55.4,4.050000000000004,2.02738,3.48421,2.02738,3.48421,59.6,11.999999999999991,59.6,11.999999999999991,22.2,9.0,22.2,9.0,16.067999999999998,7.83825,1.32355,57.425,3.769485,65.6,26.7,2,eric mika,,,,0,7.262828543,0.096831065,1.0,19.0,0,,True,True,True
Fred VanVleet,Wichita St.,MVC,31,65.7,112.7,24.7,46.1,52.35,1.3,11.9,39.6,14.6,98,120,0.817,76,192,0.396,43,113,0.381,0.4,3.7,39.3,Sr,Jun-00,23.0,3.70344,124.016,2.4,2016,26143,all,,3.18525749,56.0,117.0,20.0,75.0,0.4786,0.2667,0.0,0.0,,,87.9979,88.1304,4.0801,183.233,8.85478,5.1063,3.74848,9.7313,29.0323,5.01046,4.72084,0.3548,2.871,3.2258,5.5484,1.7742,0.0968,12.2258,Pure PG,7.5686,Fred VanVleet,13.5714,-1.345600000000001,4.2821,7.9437,4.4571,-1.2312999999999996,1.8462,1.3796,5.2286,0.3197999999999998,2.2821,3.2663,55.39,-3.039999999999999,48.55,3.800000000000004,11.2432,-2.38842,2.85186,6.00292,79.3,-13.599999999999994,40.4,25.300000000000004,25.1,-0.4000000000000021,18.6,6.099999999999998,10.419825,3.3322749999999997,4.6005,54.3,8.257435000000001,66.225,21.9,4,fred vanvleet,,,,0,2.593787879217502,24.715198247932666,6.0,8872.0,0,,True,True,True
Garrison Mathews,Lipscomb,ASun,35,74.6,113.9,28.4,55.6,61.58,2.6,17.4,12.9,14.3,180,210,0.857,99,202,0.49,112,278,0.403,0.9,1.4,43.8,Sr,5-Jun,24.0,4.03519,126.444,2.5,2019,38687,all,,0.85366837,55.0,97.0,43.0,104.0,0.567,0.4135,6.0,6.0,1.0,,97.241,97.8277,3.27393,210.111,4.14348,4.54479,-0.401311,6.59808,29.2432,6.43014,0.167943,0.6757,4.6486,5.3243,1.8919,0.8108,0.2432,20.3243,Wing G,14.3122,Garrison Mathews,21.6667,-1.3423999999999978,11.2258,9.0985,5.4545,-0.1302000000000003,3.5161,1.8082000000000005,1.7576,0.1342999999999998,1.4839,0.4079999999999999,61.56,0.019999999999996,55.07,6.509999999999998,3.53574,0.6077400000000002,0.204864,3.938616,76.0,-1.4000000000000057,51.5,23.09999999999999,27.5,0.8999999999999986,25.4,3.0,18.39795,4.972175,1.85365,59.5225,2.4829435,70.325,27.225,4,garrison mathews,,,,0,2.7999503354999997,2.8614461330000003,2.0,1282.0,0,,True,True,True
Gary Payton II,Oregon St.,P12,31,86.0,110.7,26.5,51.0,52.99,7.7,18.2,32.6,14.4,75,116,0.647,177,343,0.516,22,69,0.319,1.5,4.2,28.2,Sr,3-Jun,1.0,4.64721,125.904,3.0,2016,37314,all,,2.21425089,133.0,204.0,44.0,139.0,0.652,0.3165,35.0,36.0,0.9722,,96.9177,91.9315,4.41807,245.728,11.473,6.55305,4.92,10.6523,34.3871,6.63306,4.01927,2.3871,5.5161,7.9032,5.0,2.4839,0.4516,15.9677,Scoring PG,3.75006,Gary Payton II,13.4194,2.548300000000001,13.4194,2.548300000000001,7.4516,0.4516,7.4516,0.4516,3.1613,1.8387,3.1613,1.8387,54.48,-1.4899999999999949,54.48,-1.4899999999999949,11.2603,0.2126999999999999,11.2603,0.2126999999999999,90.4,-4.400000000000006,90.4,-4.400000000000006,22.2,4.300000000000001,22.2,4.300000000000001,14.69355,7.6774,4.08065,53.735,11.36665,88.2,24.35,2,gary payton,,,,0,0.7371755449430889,-0.0735100183923391,6.0,845.0,0,,True,True,True
Gian Clavell,Colorado St.,MWC,27,72.6,109.2,27.1,51.7,54.19,4.1,14.3,11.6,11.7,88,127,0.693,115,247,0.466,78,202,0.386,2.3,3.2,28.3,Sr,4-Jun,3.0,4.48759,122.311,2.4,2017,34641,all,,0.88675494,47.0,82.0,68.0,165.0,0.5732,0.4121,2.0,3.0,0.6667,,96.6517,96.3121,4.13795,207.987,5.63487,4.09819,1.53668,7.5036,36.5556,5.66015,1.84345,1.3704,4.9259,6.2963,1.7407,1.963,0.7407,20.4444,Wing G,12.0711,Gian Clavell,20.5556,-0.1111999999999966,9.1515,11.2929,7.2222,-0.9259000000000004,3.697,2.5992999999999995,3.2222,-1.4815,1.2424,0.4982999999999999,56.92,-2.730000000000004,50.57,3.6199999999999974,4.54632,1.0885500000000006,1.90419,3.73068,25.8,46.8,59.1,13.499999999999991,25.1,2.0,19.5,7.600000000000001,16.717166666666667,5.738499999999999,2.068433333333333,53.89333333333334,4.02846,52.5,23.9,3,gian clavell,,,,0,4.389500498,0.236019608,1.0,64.0,0,,True,True,True
Hassan Whiteside,Marshall,CUSA,31,65.6,101.7,24.9,51.0,53.55,12.0,24.0,1.8,16.4,101,170,0.594,143,284,0.504,3,5,0.6,18.3,1.2,58.8,Fr,Jul-00,21.0,2.27687,109.519,3.8,2010,11351,all,,0.11864228,77.0,107.0,66.0,177.0,0.7196,0.3729,40.0,41.0,0.9756,33.0,88.111,86.6474,3.62789,231.982,4.99274,-2.30069,7.29344,6.74362,26.5484,2.06156,4.68207,2.7742,6.129,8.9032,0.2258,0.5484,5.2581,12.7742,C,0.345292,Hassan Whiteside,,,12.7742,0.0,,,8.9032,0.0,,,0.2258,0.0,,,53.55,0.0,,,4.99274,0.0,,,65.6,0.0,,,24.9,0.0,12.7742,8.9032,0.2258,53.55,4.99274,65.6,24.9,1,hassan whiteside,2010.0,33.0,2.0,1,2.1471261814471245,28.8921870078626,8.0,11960.0,1,33.0,True,True,True
Herbert Jones,Alabama,SEC,33,67.9,103.3,24.3,48.1,52.89,9.4,15.2,21.7,22.9,93,130,0.715,109,232,0.47,20,57,0.351,4.0,3.4,45.0,Sr,8-Jun,1.0,2.81162,115.078,4.2,2021,51990,all,70.6,1.16127313,99.0,186.0,10.0,47.0,0.5323,0.2128,22.0,25.0,0.88,35.0,89.826,84.3453,4.04557,220.768,8.9201,2.63997,6.28013,7.70857,27.2727,3.08215,4.62643,2.4848,4.0909,6.5758,3.2727,1.7273,1.1212,11.2424,Wing F,3.41342,Herbert Jones,7.9259,3.3164999999999996,4.2,7.0424,6.4074,0.1684000000000001,3.4857,3.0901,2.2963,0.9764,1.3714,1.9013,52.87,0.0200000000000031,44.6,8.29,4.54048,4.37962,2.82901,6.0910899999999994,56.7,11.200000000000005,51.5,16.400000000000006,17.6,6.699999999999999,15.5,8.8,7.4303,4.992225,2.22775,48.9875,4.6100375,57.2,19.825,4,herbert jones,2021.0,35.0,2.0,1,0.8210833686297284,0.3560304619087679,1.0,195.0,1,35.0,True,True,True
Jack Cooley,Notre Dame,BE,35,71.3,121.0,23.0,58.0,61.22,17.4,24.0,6.3,13.6,111,158,0.703,172,297,0.579,1,2,0.5,4.0,1.4,52.8,Sr,9-Jun,45.0,4.82318,132.675,3.6,2013,11435,all,69.0,0.58000841,140.0,214.0,32.0,82.0,0.6542,0.3902,18.0,19.0,0.9474,,94.0708,90.2214,3.52881,212.331,7.1955,4.75239,2.44311,6.77219,29.3143,5.71619,1.05599,4.0286,6.0857,10.1143,0.8286,0.6571,1.1714,13.0857,PF/C,0.125307,Jack Cooley,12.5455,0.5401999999999987,0.9524,12.133299999999998,8.9394,1.174900000000001,1.7619,8.3524,0.7576,0.0709999999999999,0.0476,0.781,64.31,-3.0900000000000034,38.91,22.31,7.60574,-0.4102399999999999,-0.445956,7.641456,68.6,2.700000000000003,7.8,63.5,22.2,0.8000000000000007,16.6,6.399999999999999,7.565025,5.9833,0.489325,57.09,5.7506435,43.27499999999999,19.75,4,jack cooley,,,,0,4.1888135375,0.613874519,2.0,174.0,0,,True,True,True
Jacob Wiley,Illinois Chicago,Horz,16,16.3,88.3,15.3,50.0,48.97,10.2,21.4,2.5,23.4,6,14,0.429,11,21,0.524,1,4,0.25,2.5,0.0,56.0,Sr,7-Jun,3.0,-0.209085,78.503,6.3,2021,50274,all,,0.22222222,11.0,16.0,0.0,5.0,0.6875,0.0,3.0,3.0,1.0,,101.926,102.785,0.757704,27.0485,-8.48193,-6.4902,-1.99173,-7.64343,9.0625,-5.90709,-1.73634,0.8125,1.75,2.5625,0.125,0.0,0.25,1.9375,PF/C,1.58805,Jacob Wiley,3.9375,-2.0,20.4118,-18.4743,3.125,-0.5625,9.0882,-6.5257000000000005,0.7188,-0.5938,2.3529,-2.2279,51.72,-2.75,68.87,-19.90000000000001,-1.80518,-6.67675,5.61174,-14.09367,31.5,-15.2,83.6,-67.3,17.5,-2.1999999999999993,29.5,-14.2,6.17018,3.89718,0.7752399999999999,53.34400000000001,-2.4329840000000003,34.059999999999995,18.2,5,jacob wiley,,,,0,6.245221693,0.151260086,1.0,33.0,0,,True,True,True
Jae Crowder,Marquette,BE,35,82.4,122.3,22.0,56.8,59.85,7.0,20.5,13.5,9.8,119,162,0.735,156,259,0.602,61,177,0.345,3.1,4.3,37.2,Sr,6-Jun,32.0,5.48984,132.374,3.2,2012,15568,all,,1.65913615,128.0,171.0,28.0,88.0,0.7485,0.3182,8.0,8.0,1.0,34.0,84.8446,81.1209,5.17007,311.979,13.2884,7.37385,5.91459,13.0841,32.9429,7.96643,5.1177,2.0,6.4,8.4,2.0857,2.5143,1.0,17.5429,Wing G,8.64561,Jae Crowder,11.7568,5.786099999999999,11.7568,5.786099999999999,6.7838,1.6162,6.7838,1.6162,1.5676,0.5181,1.5676,0.5181,56.44,3.4100000000000037,56.44,3.4100000000000037,10.056,3.2324,10.056,3.2324,68.8,13.600000000000009,68.8,13.600000000000009,19.5,2.5,19.5,2.5,14.64985,7.591900000000001,1.82665,58.145,11.6722,75.6,20.75,2,jae crowder,2012.0,34.0,2.0,1,1.700905543312624,37.38344670243415,9.0,18319.0,1,34.0,True,True,True
Jalen Brunson,Villanova,BE,40,78.8,128.5,26.1,60.4,63.53,1.2,9.7,26.6,12.3,130,162,0.802,184,307,0.599,86,211,0.408,0.1,1.7,31.3,Jr,2-Jun,1.0,6.41346,146.114,2.5,2018,40885,all,95.8,2.59154928,101.0,142.0,83.0,163.0,0.7113,0.5092,6.0,6.0,1.0,33.0,103.211,96.5942,3.5916,206.633,8.37985,8.13628,0.243567,9.46785,31.8,7.833,1.63484,0.3,2.75,3.05,4.6,0.925,0.025,18.9,Scoring PG,9.49512,Jalen Brunson,14.6667,4.233299999999998,9.575,9.325,2.5833,0.4666999999999999,1.75,1.2999999999999998,4.1111,0.4888999999999992,2.5,2.0999999999999996,65.5,-1.9699999999999989,58.14,5.390000000000001,6.19516,2.18469,3.61792,4.76193,77.8,1.0,59.8,19.0,23.5,2.6000000000000014,22.1,4.0,14.380566666666668,2.4611,3.737033333333333,62.39000000000001,6.064309999999999,72.13333333333333,23.9,3,jalen brunson,2018.0,33.0,2.0,1,2.6105143958826416,9.00890541739883,4.0,4608.0,1,33.0,True,True,True
Jalen Harris,Cal St. Fullerton,BW,9,23.8,79.5,22.4,28.6,41.18,2.4,7.4,20.1,25.7,19,26,0.731,7,24,0.292,2,11,0.182,0.0,1.5,74.3,Jr,1-Jun,0.0,-0.280227,80.1383,3.9,2021,72935,all,,1.19999997,7.0,21.0,0.0,3.0,0.3333,0.0,0.0,0.0,,,112.127,112.184,0.825335,22.3412,-9.37558,-5.00738,-4.3682,-8.87955,16.4,-5.36861,-3.51094,0.4,1.1,1.5,1.8,0.4,0.0,5.2,Scoring PG,4.21788,Jalen Harris,4.0,1.2000000000000002,0.9167,4.2833000000000006,3.1667,-1.6667,0.3333,1.1667,4.3333,-2.533300000000001,1.0,0.8,37.74,3.4399999999999977,24.64,16.54,-3.37844,-5.99714,-16.1667,6.791119999999999,13.1,10.7,8.5,15.3,19.5,2.8999999999999986,18.8,3.599999999999998,8.251677777777779,2.8534444444444444,2.788355555555556,46.41111111111111,-2.649119333333333,41.82222222222222,21.155555555555555,9,jalen harris,2020.0,59.0,2.0,1,0.73376772,0.310242784,1.0,172.0,1,59.0,True,True,True
James Southerland,Syracuse,BE,34,62.3,119.9,19.2,56.7,58.56,4.8,14.3,7.7,12.6,45,57,0.789,77,147,0.524,84,211,0.398,3.6,3.1,15.9,Sr,8-Jun,43.0,4.18239,124.912,3.2,2013,12345,all,,0.89995751,41.0,50.0,36.0,97.0,0.82,0.3711,24.0,26.0,0.9231,,88.0208,83.8822,4.28578,204.633,9.79379,6.00754,3.78624,10.7475,29.5,6.82119,3.92629,1.2647,3.9118,5.1765,1.0588,1.4706,0.8529,13.2647,Wing F,12.761,James Southerland,6.8108,6.453899999999999,3.1538,10.1109,3.1081,2.0684,1.2308,3.9457,0.3784,0.6803999999999999,0.3846,0.6741999999999999,56.84,1.7199999999999989,50.12,8.440000000000005,8.5443,1.2494899999999998,6.27285,3.5209399999999995,39.9,22.4,6.9,55.4,18.3,0.8999999999999986,21.6,-2.400000000000002,7.048075,2.943675,0.575825,55.025,7.572825,34.275,18.525,4,james southerland,,,,0,9.895162468,0.199359219,1.0,30.0,0,,True,True,True
Jamil Wilson,Arkansas Pine Bluff,SWAC,25,23.8,67.4,20.7,33.3,36.91,0.5,10.3,23.4,28.3,13,23,0.565,20,58,0.345,2,11,0.182,0.4,1.1,33.3,Fr,11-May,10.0,-0.717808,66.6713,1.6,2020,70948,all,,1.0,10.0,18.0,10.0,39.0,0.5556,0.2564,0.0,0.0,,,105.643,110.548,0.645667,39.5794,-12.2293,-8.74942,-3.47987,-9.40723,11.1538,-6.24137,-3.16586,0.0385,0.8846,0.9231,1.0385,0.2308,0.0385,2.3846,Combo G,2.3808,Jamil Wilson,11.7188,-9.3342,4.7308,-2.3462000000000005,5.9062,-4.9831,3.2308,-2.3076999999999996,2.5625,-1.524,0.9615,0.0769999999999999,50.9,-13.990000000000002,50.07,-13.160000000000004,4.35474,-16.58404,2.99059,-15.21989,70.2,-46.400000000000006,33.8,-9.999999999999996,23.3,-2.6000000000000014,17.5,3.1999999999999993,7.115899999999999,3.81286,1.47906,48.58,1.7000279999999997,49.68,19.72,5,jamil wilson,,,,0,0.653547317,0.476629003,1.0,274.0,0,,True,True,True
JaQuori McLaughlin,UC Santa Barbara,BW,25,81.6,120.9,25.5,55.6,60.98,2.8,10.2,32.6,14.6,99,119,0.832,96,180,0.533,39,98,0.398,0.5,2.8,42.8,Sr,4-Jun,3.0,4.89501,128.483,1.9,2021,47510,all,81.2,2.66673465,49.0,78.0,47.0,102.0,0.6282,0.4608,5.0,7.0,0.7143,,95.7584,96.636,3.46734,148.724,7.40538,6.45492,0.950467,8.51178,32.3077,6.66259,1.84919,0.6923,2.7692,3.4615,5.2308,1.5,0.1538,16.0385,Pure PG,7.16955,JaQuori McLaughlin,,,16.0385,0.0,,,3.4615,0.0,,,5.2308,0.0,,,60.98,0.0,,,7.40538,0.0,,,81.6,0.0,,,25.5,0.0,16.0385,3.4615,5.2308,60.98,7.40538,81.6,25.5,1,jaquori mclaughlin,,,,0,23.40514497672963,0.0255501778081418,1.0,2.0,0,,True,True,True
Jarnell Stokes,Tennessee,SEC,36,81.2,117.2,25.7,53.7,58.01,15.1,23.2,13.4,16.1,156,226,0.69,196,365,0.537,0,0,0.0,2.8,1.4,61.9,Jr,8-Jun,5.0,4.95666,131.64,2.5,2014,23999,all,92.0,0.92206274,141.0,208.0,56.0,158.0,0.6779,0.3544,25.0,26.0,0.9615,35.0,95.0776,90.9367,4.3692,227.969,9.18819,5.26666,3.92153,8.73932,32.7222,6.64509,2.09423,4.1944,6.4722,10.6667,1.9722,0.6944,0.8889,15.2222,C,0.0,Jarnell Stokes,12.3636,2.858600000000001,9.5882,5.634,9.6364,1.0303000000000004,7.4118,3.2549,1.2727,0.6995,0.7059,1.2663,54.52,3.489999999999995,54.74,3.269999999999996,6.64296,2.54523,4.08796,5.100230000000001,71.0,10.200000000000005,32.4,48.8,25.9,-0.1999999999999993,22.4,3.3000000000000007,12.391333333333334,9.2383,1.3169333333333333,55.75666666666667,6.639703333333333,61.53333333333334,24.666666666666668,3,jarnell stokes,2014.0,35.0,2.0,1,9.614533956333334,0.314268501,3.0,151.0,1,35.0,True,True,True
Javonte Green,Radford,BSth,31,66.8,112.8,29.8,53.5,58.32,12.3,27.2,11.0,15.6,146,208,0.702,168,308,0.545,1,9,0.111,3.5,4.4,65.6,Sr,4-Jun,2.0,3.49032,123.033,3.9,2015,22391,all,,0.62318911,135.0,210.0,33.0,98.0,0.6429,0.3367,43.0,45.0,0.9556,,91.1858,92.9222,3.19819,220.154,5.17507,2.44185,2.73322,7.51452,26.2353,5.66444,1.85008,2.8529,6.1765,9.0294,1.2647,1.9118,0.8529,15.4412,Wing G,0.653383,Javonte Green,16.7188,-1.2776000000000014,10.3667,5.0745000000000005,8.3125,0.7169000000000008,6.6667,2.362700000000001,1.0312,0.2335,0.4333,0.8313999999999999,57.95,0.3699999999999974,51.1,7.219999999999999,1.81602,3.35905,-0.996793,6.171863,65.5,1.2999999999999972,56.0,10.799999999999995,30.2,-0.3999999999999986,26.7,3.1000000000000014,14.364425,8.028,1.044375,55.195,2.40820175,64.425,28.8,4,javonte green,,,,0,0.2657780581031937,1.1833203504830188,3.0,1070.0,0,,True,True,True
Jeff Withey,Kansas,B12,37,76.0,113.7,21.0,58.3,62.07,8.8,20.9,6.2,17.8,137,192,0.714,184,317,0.58,1,1,1.0,13.7,1.4,60.4,Sr,Jul-00,5.0,3.75176,119.463,2.7,2013,10238,all,94.6,0.4794222,139.0,202.0,45.0,115.0,0.6881,0.3913,50.0,54.0,0.9259,39.0,83.0455,78.5563,4.99547,289.791,11.1432,1.73544,9.40775,10.4486,30.9189,4.19522,6.25337,2.1351,6.3784,8.5135,0.9459,0.7568,3.9459,13.7297,PF/C,0.0512785,Jeff Withey,8.9744,4.7553,1.2667,12.463,6.2821,2.2314000000000007,1.4,7.1135,0.7436,0.2022999999999999,0.0,0.9459,61.38,0.6899999999999977,54.99,7.079999999999998,12.3539,-1.2106999999999992,-1.53958,12.68278,61.9,14.1,3.2,72.8,17.8,3.1999999999999993,20.9,0.1000000000000014,6.57925,4.4912,0.47045,59.96,7.919,37.925,19.875,4,jeff withey,2013.0,39.0,2.0,1,1.0930640914,3.618546962,5.0,2093.0,1,39.0,True,True,True
Jemerrio Jones,New Mexico St.,WAC,31,69.2,103.4,24.5,50.3,50.79,14.1,37.3,19.4,20.6,35,67,0.522,145,259,0.56,3,38,0.079,2.0,2.1,22.6,Sr,5-Jun,10.0,2.10075,109.333,3.4,2018,48070,all,,1.30859634,107.0,164.0,33.0,89.0,0.6524,0.3708,14.0,15.0,0.9333,,84.3562,84.8604,4.27993,232.66,6.39627,0.673346,5.72292,5.62519,27.7059,2.35985,3.26534,3.7353,9.4706,13.2059,3.1176,1.0588,0.5588,11.0882,PF/C,2.51978,Jemerrio Jones,9.7059,1.3823000000000008,9.7059,1.3823000000000008,8.4412,4.7646999999999995,8.4412,4.7646999999999995,3.0294,0.0882,3.0294,0.0882,53.74,-2.950000000000003,53.74,-2.950000000000003,6.78009,-0.38382,6.78009,-0.38382,62.0,7.200000000000003,62.0,7.200000000000003,24.3,0.1999999999999993,24.3,0.1999999999999993,10.39705,10.82355,3.0735,52.265,6.58818,65.6,24.4,2,jemerrio jones,,,,0,4.657566521,0.537061379,1.0,143.0,0,,True,True,True
Jock Landale,Saint Mary's,WCC,36,82.4,125.7,30.1,64.4,66.84,12.5,26.6,13.5,14.6,156,209,0.746,298,460,0.648,3,10,0.3,3.2,0.7,44.5,Sr,11-Jun,34.0,6.31727,142.679,3.6,2018,36673,all,,0.85715506,208.0,300.0,90.0,160.0,0.6933,0.5625,58.0,64.0,0.9063,,97.4358,97.4509,3.65978,231.298,7.40584,5.51193,1.89391,8.32938,33.3056,7.11368,1.2157,2.9444,7.2222,10.1667,2.0,0.3889,1.0,21.1389,C,0.524208,Jock Landale,16.9412,4.197700000000001,2.1429,18.996,9.4706,0.6961000000000013,0.9048,9.2619,1.7059,0.2941,0.0952,1.9048,63.99,2.8500000000000014,60.52,6.32,9.29997,-1.8941299999999996,-5.34298,12.74882,70.7,11.700000000000005,8.3,74.10000000000001,30.3,-0.1999999999999993,24.6,5.5,12.018975,6.0914,1.104675,64.125,3.4931975,49.45,27.825000000000003,4,jock landale,,,,0,18.60949576155528,0.1242702173667991,1.0,11.0,0,,True,True,True
Jodie Meeks,Kentucky,SEC,36,85.9,118.9,27.9,56.6,62.87,2.0,8.6,11.7,15.8,211,234,0.902,146,280,0.521,117,288,0.406,0.4,2.2,41.2,Jr,5-Jun,,5.90613,133.801,2.2,2009,3812,all,92.4,0.65624182,,,,,,,,,,41.0,98.0648,93.586,3.89665,213.232,4.67523,5.8246,-1.14937,7.8038,34.3611,7.03987,0.763933,0.5278,2.8611,3.3889,1.75,1.3333,0.1389,23.7222,,13.2073,Jodie Meeks,,,23.7222,0.0,,,3.3889,0.0,,,1.75,0.0,,,62.87,0.0,,,4.67523,0.0,,,85.9,0.0,,,27.9,0.0,23.7222,3.3889,1.75,62.87,4.67523,85.9,27.9,1,jodie meeks,2009.0,41.0,2.0,1,0.450965289,6.000911451,6.0,6090.0,1,41.0,True,True,True
Joel Ayayi,Gonzaga,WCC,32,77.8,129.2,16.4,64.8,66.63,6.6,18.6,12.6,15.1,50,64,0.781,113,165,0.685,37,95,0.389,0.6,1.8,24.6,Jr,5-Jun,11.0,4.54506,127.334,2.3,2021,66501,all,70.0,1.89133918,101.0,132.0,12.0,33.0,0.7652,0.3636,6.0,6.0,1.0,,94.2153,90.3547,3.98589,207.064,10.529,7.12616,3.40281,8.85822,31.25,6.24653,2.61169,1.5938,5.2812,6.875,2.7188,1.0625,0.1875,12.0938,Wing G,5.09027,Joel Ayayi,10.6364,1.4573999999999998,1.6087,10.4851,6.3333,0.5416999999999996,1.3913,5.4837,3.2121,-0.4933,0.5217,2.1971,59.11,7.519999999999996,53.9,12.729999999999997,8.34227,2.1867300000000007,6.64003,3.88897,73.3,4.5,8.6,69.2,17.6,-1.2000000000000028,14.4,1.9999999999999984,8.112966666666667,4.866533333333334,2.150866666666667,59.879999999999995,8.503766666666666,53.23333333333333,16.133333333333333,3,joel ayayi,,,,0,6.6172894740286,0.0185344873474383,1.0,4.0,0,,True,True,True
John Konchar,Fort Wayne,Sum,30,86.8,119.9,28.3,59.1,62.26,7.3,20.5,30.0,16.6,126,171,0.737,166,266,0.624,45,129,0.349,3.0,3.3,43.3,Sr,5-Jun,55.0,4.96926,128.715,2.6,2019,37780,all,,1.96700026,127.0,181.0,39.0,85.0,0.7017,0.4588,14.0,17.0,0.8235,,103.475,103.497,3.12694,241.372,8.81736,6.41511,2.40226,8.17262,34.2727,6.40215,1.77047,2.2121,6.3333,8.5455,5.4242,1.9697,0.9394,19.4545,Wing G,6.73515,John Konchar,14.8485,4.606,13.125,6.3294999999999995,8.0909,0.454600000000001,9.5312,-0.9856999999999996,4.697,0.7271999999999998,2.6875,2.7367,57.56,4.699999999999996,64.71,-2.4499999999999957,8.00737,0.8099900000000009,7.31833,1.4990300000000012,92.9,-6.1000000000000085,89.6,-2.799999999999997,21.0,7.300000000000001,17.0,11.3,15.584275,8.723725,4.156725,63.73,7.7832825,89.825,20.9,4,john konchar,,,,0,1.950305742823985,2.2661933619914643,3.0,842.0,0,,True,True,True
Josh Harrellson,Kentucky,SEC,38,71.0,131.3,13.7,61.5,61.59,15.2,18.9,5.1,11.3,33,56,0.589,125,198,0.631,2,10,0.2,5.2,2.0,26.9,Sr,10-Jun,55.0,4.03258,125.838,3.4,2011,7227,all,46.2,1.07152549,101.0,128.0,24.0,70.0,0.7891,0.3429,18.0,19.0,0.9474,45.0,91.5978,86.3839,3.99637,234.113,10.4143,5.62008,4.7942,7.83255,28.5,4.69384,3.13871,3.6842,4.9737,8.6579,0.7895,0.9211,1.5,7.6053,C,0.556507,Josh Harrellson,1.2727,6.332599999999999,3.6176,3.9877,1.2273,7.4306,2.4706,6.1873,0.0,0.7895,0.2353,0.5542,51.95,9.64,51.64,9.950000000000005,-1.80728,12.22158,0.661312,9.752988,5.7,65.3,21.8,49.2,16.7,-3.0,22.1,-8.400000000000002,4.1652,4.1186,0.3415999999999999,55.06,3.0894440000000003,32.833333333333336,17.5,3,josh harrellson,2011.0,45.0,2.0,1,4.222706855,1.127996861,1.0,317.0,1,45.0,True,True,True
J.P. Macura,Xavier,BE,34,71.4,116.3,20.8,55.9,60.6,5.5,11.6,17.2,17.9,96,117,0.821,97,175,0.554,49,130,0.377,1.4,2.7,38.4,Sr,5-Jun,55.0,3.71596,123.895,3.0,2018,35887,all,79.8,1.45589995,80.0,127.0,17.0,48.0,0.6299,0.3542,4.0,7.0,0.5714,,101.826,96.1253,3.3974,203.872,8.63449,5.84705,2.78745,7.04365,29.7059,4.48269,2.56095,1.3235,3.1471,4.4706,2.9118,1.4412,0.3824,12.8529,Wing G,7.1157,J.P. Macura,14.3684,-1.5154999999999994,5.3824,7.4705,4.3947,0.0758999999999998,1.1765,3.2941000000000003,2.8947,0.0171000000000001,0.6471,2.2647,55.03,5.57,54.46,6.140000000000001,6.50115,2.1333399999999996,4.28567,4.34882,83.4,-12.0,30.1,41.3,22.0,-1.1999999999999993,21.9,-1.099999999999998,10.503875,3.1648500000000004,2.12075,57.370000000000005,6.8892625,60.425,20.775,4,jp macura,,,,0,7.7917559045,-0.001114046,2.0,18.0,0,,True,True,True
Khem Birch,UNLV,MWC,33,78.0,117.8,19.6,51.0,56.9,13.9,20.3,7.6,12.8,131,189,0.693,125,245,0.51,0,0,0.0,10.9,1.2,77.1,Jr,9-Jun,2.0,3.36653,118.791,2.9,2014,24978,all,97.4,0.90909775,104.0,167.0,21.0,77.0,0.6228,0.2727,42.0,50.0,0.84,,90.5787,89.0476,4.39771,246.245,9.55192,2.34033,7.2116,8.04974,31.4242,3.71298,4.33677,3.9697,6.2424,10.2121,1.2121,0.6364,3.7576,11.5455,C,0.0,Khem Birch,7.1538,4.3917,4.4,7.1455,5.7308,4.481299999999999,5.0,5.2120999999999995,0.5769,0.6352,0.0,1.2121,59.06,-2.1600000000000037,57.22,-0.3200000000000003,9.21504,0.3368800000000007,2.31628,7.235640000000001,41.6,36.4,9.6,68.4,17.0,2.6000000000000014,16.8,2.8000000000000007,7.699766666666666,6.980966666666667,0.5963333333333333,57.72666666666667,7.027746666666666,43.06666666666666,17.8,3,khem birch,,,,0,1.0786369491648846,7.082959530334873,5.0,4039.0,0,,True,True,True
Khris Middleton,Texas A&M,B12,19,44.3,96.0,28.6,45.1,48.32,5.7,15.8,19.0,16.5,39,52,0.75,77,160,0.481,19,74,0.257,1.1,2.1,22.2,Jr,7-Jun,22.0,2.62152,110.524,2.7,2012,12631,all,79.8,1.0,24.0,39.0,53.0,121.0,0.6154,0.438,2.0,3.0,0.6667,39.0,96.8178,90.5318,3.58719,98.5027,3.92283,2.03078,1.89205,5.42874,29.0526,3.89037,1.53836,1.3684,3.7368,5.1053,2.1579,0.9474,0.2632,13.1579,Wing F,8.49013,Khris Middleton,14.4062,-1.2483000000000004,7.3636,5.7943,5.25,-0.1447000000000002,3.5455,1.5597999999999996,2.8125,-0.6545999999999998,1.0303,1.1276000000000002,56.1,-7.780000000000001,55.43,-7.109999999999999,6.67313,-2.7502999999999997,7.10893,-3.1861,73.7,-29.40000000000001,52.0,-7.700000000000003,27.5,1.1000000000000014,18.9,9.700000000000005,11.642566666666667,4.6336,2.0002333333333335,53.28333333333333,5.90163,56.666666666666664,25.0,3,khris middleton,2012.0,39.0,2.0,1,1.9016115906317177,54.19891550118276,9.0,20795.0,1,39.0,True,True,True
Killian Tillie,Gonzaga,WCC,24,44.6,128.2,21.6,61.3,63.02,5.9,16.6,13.1,10.3,45,62,0.726,87,140,0.621,36,90,0.4,3.4,2.2,27.0,Sr,10-Jun,33.0,4.23063,135.11,4.0,2020,48368,all,75.6,1.875,56.0,78.0,31.0,62.0,0.7179,0.5,7.0,10.0,0.7,,91.6652,88.3657,3.31314,131.077,9.53437,6.87654,2.65783,11.2845,24.625,7.75802,3.52644,1.2083,3.7917,5.0,1.875,1.0,0.8333,13.625,Stretch 4,8.32754,Killian Tillie,6.2,7.425,4.1818,9.4432,3.8667,1.1333000000000002,3.2424,1.7576,1.4667,0.4083000000000001,0.6364,1.2386,60.67,2.3500000000000014,61.95,1.0700000000000005,9.4155,0.1188699999999993,9.00447,0.5298999999999996,16.8,27.8,26.0,18.6,17.3,4.300000000000001,16.6,5.0,9.230875,4.499499999999999,1.4112,63.13,9.27328,37.575,19.1,4,killian tillie,,,,0,2.436513038245211,0.1072611670769041,2.0,193.0,0,,True,True,True
Kobi Simmons,Arizona,P12,37,58.9,104.2,21.1,45.4,50.11,1.9,6.0,15.8,15.0,69,89,0.775,80,184,0.435,32,98,0.327,0.4,1.6,31.6,Fr,5-Jun,2.0,1.88382,109.995,3.2,2017,46087,all,95.0,1.58703357,43.0,85.0,36.0,96.0,0.5059,0.375,15.0,18.0,0.8333,,102.29,97.7448,2.54767,134.144,1.79785,1.7404,0.0574458,1.05894,23.5405,0.243446,0.815496,0.3514,1.2703,1.6216,1.973,0.6486,0.0811,8.7838,Combo G,6.72458,Kobi Simmons,,,8.7838,0.0,,,1.6216,0.0,,,1.973,0.0,,,50.11,0.0,,,1.79785,0.0,,,58.9,0.0,,,21.1,0.0,8.7838,1.6216,1.973,50.11,1.79785,58.9,21.1,1,kobi simmons,,,,0,0.1129520089999998,-2.2945164499999997,2.0,645.0,0,,True,True,True
Kostas Antetokounmpo,Dayton,A10,29,34.8,92.9,20.8,58.4,57.46,7.3,16.8,5.9,25.6,33,64,0.516,56,86,0.651,2,15,0.133,8.3,1.0,63.4,Fr,10-Jun,13.0,0.413901,95.4475,6.0,2018,44540,all,79.8,0.33335812,46.0,64.0,10.0,23.0,0.7188,0.4348,27.0,27.0,1.0,60.0,104.641,103.174,1.35938,87.2099,-1.41812,-3.80089,2.38277,-2.51489,15.1034,-3.52913,1.01424,0.8276,2.0345,2.8621,0.4483,0.2414,1.069,5.2069,C,2.04262,Kostas Antetokounmpo,,,5.2069,0.0,,,2.8621,0.0,,,0.4483,0.0,,,57.46,0.0,,,-1.41812,0.0,,,34.8,0.0,,,20.8,0.0,5.2069,2.8621,0.4483,57.46,-1.41812,34.8,20.8,1,kostas antetokounmpo,2018.0,60.0,2.0,1,1.357154272,0.037677705,3.0,87.0,1,60.0,True,True,True
Langston Galloway,Saint Joseph's,A10,34,90.2,125.3,20.3,57.0,60.99,2.8,10.5,9.3,6.7,114,138,0.826,82,184,0.446,108,244,0.443,1.5,1.8,32.2,Sr,2-Jun,10.0,5.42939,131.058,2.6,2014,15142,all,66.4,1.8928962,40.0,68.0,42.0,117.0,0.5882,0.359,12.0,13.0,0.9231,,103.489,100.79,3.61669,204.296,7.15204,6.47683,0.675204,7.54495,36.2059,6.17963,1.36532,0.8235,3.4412,4.2647,1.5588,1.0588,0.5,17.7059,Wing G,11.8583,Langston Galloway,13.7812,3.9247,12.7576,4.9483,3.5938,0.6709000000000005,5.5455,-1.2807999999999993,2.25,-0.6912,2.8788,-1.32,55.19,5.800000000000004,54.81,6.18,4.20619,2.94585,5.53847,1.6135700000000002,88.5,1.7000000000000028,85.1,5.1000000000000085,19.8,0.5,20.1,0.1999999999999993,14.936175,4.476,2.230725,58.5375,5.866630000000001,87.875,19.75,4,langston galloway,,,,0,0.0724498691428571,13.843950399,7.0,9858.0,0,,True,True,True
Louis King,Oregon,P12,32,61.8,103.9,23.7,52.2,55.23,5.4,16.0,9.0,17.5,62,79,0.785,89,187,0.476,59,153,0.386,1.0,1.7,23.2,Fr,9-Jun,2.0,2.47035,111.728,3.3,2019,65862,all,96.2,0.625,52.0,90.0,37.0,97.0,0.5778,0.3814,3.0,6.0,0.5,,96.1853,92.3979,3.77226,167.162,2.03329,1.07698,0.956308,3.6347,29.5625,2.48995,1.14476,1.2812,4.0625,5.3438,1.25,0.8438,0.2188,13.0312,Wing F,9.91856,Louis King,,,13.0312,0.0,,,5.3438,0.0,,,1.25,0.0,,,55.23,0.0,,,2.03329,0.0,,,61.8,0.0,,,23.7,0.0,13.0312,5.3438,1.25,55.23,2.03329,61.8,23.7,1,louis king,,,,0,3.1218270954999996,0.4922537,2.0,147.0,0,,True,True,True
Maalik Wayns,Villanova,BE,29,75.0,110.0,27.7,47.2,54.72,1.7,10.6,32.5,19.0,141,158,0.892,117,240,0.487,45,151,0.298,0.1,1.7,40.4,Jr,2-Jun,2.0,4.95112,127.154,3.2,2012,13362,all,95.6,1.52873341,69.0,113.0,47.0,119.0,0.6106,0.395,1.0,1.0,1.0,,105.233,100.343,3.00799,158.46,5.07585,5.59308,-0.517227,5.46981,33.6207,4.91679,0.553026,0.5172,3.2759,3.7931,4.5862,0.9655,0.0345,17.5862,Scoring PG,9.14309,Maalik Wayns,13.7879,3.798300000000001,6.8485,10.737700000000002,2.8182,0.9749,1.4848,2.3083,4.4848,0.1013999999999999,1.2727,3.3135,52.33,2.390000000000001,54.26,0.4600000000000008,3.32161,1.7542399999999998,0.879292,4.196558,75.0,0.0,37.2,37.8,27.6,0.0999999999999978,23.3,4.399999999999999,12.740866666666667,2.6987,3.4479,53.77,3.0922506666666667,62.4,26.2,3,maalik wayns,,,,0,1.463463726,0.019319158,1.0,9.0,0,,True,True,True
Malcolm Brogdon,Virginia,ACC,37,85.1,120.0,26.8,53.2,58.48,2.1,13.3,19.5,10.0,140,156,0.897,155,311,0.498,75,192,0.391,0.9,1.8,31.0,Sr,5-Jun,15.0,5.99104,137.708,2.4,2016,33335,all,80.6,2.21154109,89.0,137.0,66.0,174.0,0.6496,0.3793,5.0,5.0,1.0,36.0,98.9573,92.0084,4.36185,203.837,9.49229,7.27731,2.21498,10.2715,34.1351,7.60734,2.66417,0.5135,3.5405,4.0541,3.1081,0.9459,0.2432,18.2432,Combo G,9.86277,Malcolm Brogdon,14.0,4.243200000000002,6.7143,11.528900000000002,3.9412,0.1129000000000002,2.7857,1.2684000000000002,2.3824,0.7256999999999998,1.3571,1.751,54.5,3.979999999999997,51.44,7.039999999999999,6.85273,2.6395600000000004,1.18393,8.30836,80.7,4.3999999999999915,48.7,36.39999999999999,24.7,2.1000000000000014,20.7,6.100000000000001,12.91505,4.05335,2.394325,54.7225,6.6507625,73.2,23.75,4,malcolm brogdon,2016.0,36.0,2.0,1,1.0259396337562536,19.917678904601665,6.0,9758.0,1,36.0,True,True,True
Mangok Mathiang,Louisville,ACC,33,50.1,113.3,20.0,53.1,55.79,13.7,18.2,6.4,16.1,51,76,0.671,104,196,0.531,0,0,0.0,6.1,1.4,38.8,Sr,10-Jun,12.0,2.31022,119.203,4.8,2017,31158,all,,0.63161094,73.0,116.0,32.0,83.0,0.6293,0.3855,13.0,15.0,0.8667,,93.5739,86.5391,3.03508,143.34,6.879,2.4661,4.41291,5.18128,20.7879,2.42258,2.7587,2.5758,3.4242,6.0,0.7273,0.5152,1.1212,7.8485,C,0.0,Mangok Mathiang,7.1,0.7484999999999999,3.5946,4.2539,5.7,0.2999999999999998,3.5676,2.4324,0.5,0.2272999999999999,0.4054,0.3218999999999999,57.47,-1.6799999999999995,55.92,-0.1300000000000025,6.73966,0.1393399999999998,8.1682,-1.289200000000001,15.2,34.900000000000006,36.8,13.300000000000004,20.5,-0.5,14.2,5.800000000000001,5.282825,4.986025,0.525825,52.7075,6.872395,36.5,16.75,4,mangok mathiang,,,,0,10.86668785,0.13899105,1.0,20.0,0,,True,True,True
Marcus Derrickson,Georgetown,BE,29,75.1,117.9,21.4,58.4,64.03,8.5,20.0,10.2,17.7,113,131,0.863,103,196,0.526,47,101,0.465,2.2,1.2,44.1,Jr,7-Jun,24.0,3.83485,123.064,3.0,2018,43210,all,84.2,0.73016019,52.0,81.0,51.0,115.0,0.642,0.4435,2.0,3.0,0.6667,,104.689,100.319,3.15474,171.821,6.37973,4.83654,1.54319,6.25285,31.9655,5.30216,0.950685,2.3103,5.7586,8.069,1.5862,0.6897,0.6552,15.8621,Stretch 4,6.18119,Marcus Derrickson,8.2857,7.5764,7.0938,8.7683,4.3929,3.676100000000001,4.5,3.569000000000001,1.4286,0.1575999999999999,1.125,0.4612,56.99,7.039999999999999,57.92,6.109999999999999,4.17061,2.2091200000000004,3.68503,2.6947000000000005,51.6,23.499999999999993,52.2,22.89999999999999,17.9,3.5,18.2,3.1999999999999993,10.413866666666664,5.653966666666666,1.3799333333333337,59.64666666666667,4.745123333333333,59.63333333333333,19.166666666666668,3,marcus derrickson,,,,0,6.329036567,0.312243678,1.0,67.0,0,,True,True,True
Markus Howard,Marquette,BE,29,78.9,113.5,37.3,52.9,59.27,1.9,9.1,26.2,15.3,211,249,0.847,115,266,0.432,121,294,0.412,0.1,1.6,44.5,Sr,11-May,0.0,6.99401,147.085,2.9,2020,44799,all,86.6,0.96940188,53.0,115.0,62.0,151.0,0.4609,0.4106,0.0,0.0,,,102.441,96.787,3.46101,159.341,6.77259,8.7538,-1.9812,10.2147,33.2069,10.0579,0.156854,0.5517,2.931,3.4828,3.2759,0.931,0.0345,27.7241,Scoring PG,17.0929,Markus Howard,25.0294,2.694700000000001,13.2258,14.4983,3.9706,-0.4878,2.2258,1.257,3.9118,-0.6358999999999999,2.2581,1.0177999999999998,59.01,0.2600000000000051,68.58,-9.309999999999995,5.28403,1.4885600000000003,5.17219,1.6004000000000005,82.8,-3.899999999999991,53.0,25.90000000000001,36.2,1.0999999999999943,25.5,11.799999999999995,21.597775,3.213925,3.052625,61.9825,5.1627,72.6,32.0,4,markus howard,,,,0,0.8803556098989853,-0.9291653780881428,2.0,326.0,0,,True,True,True
Marques Bolden,Duke,ACC,35,43.7,123.3,13.0,57.9,62.22,11.2,13.3,3.6,15.7,53,73,0.726,66,107,0.617,0,7,0.0,8.5,1.6,64.0,Jr,11-Jun,20.0,2.04587,118.553,4.4,2019,48429,all,97.4,0.63992723,60.0,84.0,6.0,23.0,0.7143,0.2609,34.0,36.0,0.9444,,92.5207,86.8064,2.80625,140.786,8.28668,2.65654,5.63015,5.4986,19.0286,1.51469,3.98391,1.9429,2.5143,4.4571,0.4571,0.5429,1.6571,5.2857,C,0.570643,Marques Bolden,3.8621,1.4236000000000004,1.5417,3.744,3.5862,0.8708999999999998,1.0833,3.3737999999999997,0.5862,-0.1291,0.0833,0.3738,61.66,0.5600000000000023,47.68,14.54,8.46263,-0.1759500000000002,-1.25006,9.53674,25.4,18.300000000000004,10.6,33.1,14.2,-1.1999999999999993,16.3,-3.3000000000000007,3.563166666666667,3.0422,0.3755333333333333,57.18666666666667,5.1664166666666675,26.566666666666663,14.5,3,marques bolden,,,,0,18.330944264,0.13598342,2.0,32.0,0,,True,True,True
Matt Costello,Michigan St.,B10,35,56.9,124.2,22.0,56.4,59.94,15.6,24.1,10.8,12.9,76,101,0.752,146,256,0.57,2,8,0.25,5.4,1.7,38.3,Sr,9-Jun,10.0,3.64817,133.167,3.7,2016,26988,all,82.4,1.21055531,107.0,146.0,39.0,110.0,0.7329,0.3545,36.0,38.0,0.9474,,88.9659,86.5201,3.35038,189.397,9.77691,5.34242,4.43449,8.30286,22.9143,5.77521,2.52765,2.9143,5.3143,8.2286,1.3143,0.6571,1.2,10.6857,C,0.594253,Matt Costello,7.0,3.6857000000000006,1.3103,9.3754,5.1795,3.0491,1.1379,7.0907,0.7436,0.5707,0.1724,1.1419,59.99,-0.0500000000000042,54.09,5.849999999999994,8.47097,1.3059400000000014,5.70283,4.074080000000001,49.5,7.399999999999999,12.6,44.3,17.8,4.199999999999999,12.7,9.3,5.75635,4.4673750000000005,0.7561,58.9675,8.2726625,37.9,16.875,4,matt costello,,,,0,0.648257221,0.055360928,1.0,32.0,0,,True,True,True
Matt Mooney,Texas Tech,B12,38,76.9,98.4,22.4,49.3,52.66,0.8,10.6,20.3,21.2,68,87,0.782,107,239,0.448,49,127,0.386,0.4,3.5,23.8,Sr,3-Jun,13.0,2.06718,106.818,2.5,2019,39618,all,,1.30848522,56.0,94.0,51.0,145.0,0.5957,0.3517,0.0,1.0,0.0,,88.0742,83.4874,4.9086,236.733,5.48032,1.65734,3.82298,5.29635,30.9737,0.840008,4.45634,0.1842,2.9211,3.1053,3.2368,1.8421,0.1053,11.2895,Scoring PG,6.43137,Matt Mooney,18.7353,-7.445799999999998,6.8621,4.4274,4.0588,-0.9534999999999996,1.931,1.1743,3.0882,0.1486,1.7931,1.4437000000000002,55.64,-2.980000000000004,55.59,-2.930000000000007,5.56763,-0.0873100000000004,-1.1724,6.65272,78.9,-2.0,44.3,32.60000000000001,29.6,-7.200000000000003,21.1,1.2999999999999972,13.883499999999998,3.391425,2.551575,55.235,3.2884375,69.875,25.25,4,matt mooney,,,,0,10.88704539,0.130557838,1.0,19.0,0,,True,True,True
Matt Williams,UCF,Amer,36,91.0,110.3,20.1,53.0,55.29,1.5,10.5,12.0,14.8,60,74,0.811,52,127,0.409,126,328,0.384,0.1,1.1,16.3,Sr,5-Jun,12.0,3.37504,113.653,1.9,2017,28029,all,,1.06153077,13.0,23.0,39.0,104.0,0.5652,0.375,0.0,0.0,,,96.2264,94.754,4.31731,219.114,4.20677,3.05252,1.15425,4.76806,36.5278,3.08452,1.68355,0.4444,3.8333,4.2778,1.9167,0.6944,0.0278,15.0556,Wing G,14.9661,Matt Williams,0.0,15.0556,4.6957,10.3599,0.1429,4.1349,1.087,3.1908000000000003,0.0,1.9167,0.5217,1.395,0.0,55.29,52.82,2.469999999999999,-10.6084,14.815169999999998,-1.60104,5.80781,0.8,90.2,31.4,59.6,5.6,14.500000000000002,13.9,6.200000000000001,5.411971428571428,1.705757142857143,0.6132285714285715,43.612857142857145,-2.8250215714285716,33.92857142857143,15.542857142857144,7,matt williams,,,,0,4.881510504,0.04334433,1.0,11.0,0,,True,True,True
Max Strus,DePaul,BE,35,90.3,115.8,23.4,53.3,57.49,3.5,14.7,11.3,12.7,128,152,0.842,119,230,0.517,113,311,0.363,1.6,1.4,28.1,Sr,6-Jun,31.0,4.67559,123.716,3.1,2019,45565,all,,1.10000002,74.0,110.0,45.0,120.0,0.6727,0.375,13.0,15.0,0.8667,,108.582,105.904,3.06655,225.679,3.23316,4.83783,-1.60467,3.3906,37.4286,4.58055,-1.18995,1.1143,4.8,5.9143,2.2,0.9429,0.4857,20.1429,Wing G,13.1871,Max Strus,16.8065,3.336400000000001,16.8065,3.336400000000001,5.6452,0.2690999999999999,5.6452,0.2690999999999999,2.7419,-0.5418999999999996,2.7419,-0.5418999999999996,54.62,2.8700000000000045,54.62,2.8700000000000045,5.68392,-2.45076,5.68392,-2.45076,88.7,1.5999999999999943,88.7,1.5999999999999943,23.4,0.0,23.4,0.0,18.4747,5.77975,2.47095,56.055,4.458539999999999,89.5,23.4,2,max strus,,,,0,12.153065424865945,1.2756021280994436,3.0,623.0,0,,True,True,True
Mike Harris,Rhode Island,A10,5,0.6,163.2,32.5,70.0,77.82,14.6,0.0,0.0,0.0,3,3,1.0,2,3,0.667,1,2,0.5,0.0,0.0,60.0,Fr,4-Jun,,0.555033,184.237,5.0,2009,7022,all,,,,,,,,,,,,,112.702,121.669,0.0255273,0.78383,5.05971,16.6296,-11.5699,18.2277,1.6,18.8775,-0.649826,0.2,0.0,0.2,0.0,0.0,0.0,2.0,,13.6808,Mike Harris,,,2.0,0.0,,,0.2,0.0,,,0.0,0.0,,,77.82,0.0,,,5.05971,0.0,,,0.6,0.0,,,32.5,0.0,2.0,0.2,0.0,77.82,5.05971,0.6,32.5,1,mike harris,,,,0,4.580517464,0.842476198,1.0,225.0,0,,True,True,True
Monte Morris,Iowa St.,B12,35,86.8,124.2,23.8,52.3,55.53,3.7,11.3,32.0,8.1,89,111,0.802,162,322,0.503,54,143,0.378,0.8,2.4,23.9,Sr,3-Jun,11.0,6.14037,137.896,1.6,2017,38703,all,83.6,5.1666663,80.0,128.0,82.0,194.0,0.625,0.4227,2.0,2.0,1.0,51.0,101.974,94.6366,4.13237,225.734,9.78239,8.06251,1.71988,9.47688,35.3429,7.19907,2.2778,1.1429,3.6857,4.8286,6.2,1.5143,0.2857,16.4286,Scoring PG,6.56176,Monte Morris,13.8286,2.5999999999999996,13.8286,2.5999999999999996,3.9429,0.8856999999999999,3.9429,0.8856999999999999,6.8857,-0.6856999999999998,6.8857,-0.6856999999999998,56.07,-0.5399999999999991,56.07,-0.5399999999999991,7.36575,2.4166399999999992,7.36575,2.4166399999999992,94.1,-7.299999999999997,94.1,-7.299999999999997,19.9,3.900000000000002,19.9,3.900000000000002,15.1286,4.38575,6.54285,55.8,8.574069999999999,90.45,21.85,2,monte morris,2017.0,51.0,2.0,1,1.3904255144461597,7.9795315115584255,5.0,5945.0,1,51.0,True,True,True
Montrezl Harrell,Louisville,ACC,35,84.8,113.7,22.6,57.8,58.81,10.0,19.1,9.2,15.1,114,191,0.597,204,339,0.602,9,37,0.243,3.7,1.6,50.8,Jr,8-Jun,24.0,4.74093,124.59,2.4,2015,26468,all,84.0,0.7101552,148.0,190.0,56.0,148.0,0.7789,0.3784,74.0,78.0,0.9487,32.0,89.4932,83.8085,5.27412,244.458,7.45216,3.50642,3.94574,8.58579,35.1143,5.41646,3.16934,3.1714,6.0,9.1714,1.4,0.9429,1.2,15.6857,PF/C,1.81952,Montrezl Harrell,14.027,1.6587000000000014,5.65,10.0357,8.4054,0.766,3.625,5.5464,1.2162,0.1837999999999999,0.2,1.2,59.16,-0.3499999999999943,57.09,1.7199999999999989,8.40936,-0.9571999999999994,5.70546,1.7466999999999997,73.2,11.599999999999994,39.9,44.9,21.9,0.7000000000000028,16.7,5.900000000000002,11.787566666666669,7.067266666666666,0.9387333333333332,58.35333333333333,7.188993333333333,65.96666666666667,20.4,3,montrezl harrell,2015.0,32.0,2.0,1,1.6268879788624209,21.432245556933317,7.0,8918.0,1,32.0,True,True,True
Mychal Mulder,Kentucky,SEC,32,22.2,117.7,18.0,53.9,55.85,5.1,10.0,6.0,9.7,12,13,0.923,17,33,0.515,35,96,0.365,1.8,1.3,10.1,Sr,4-Jun,11.0,1.21654,120.125,3.2,2017,42736,all,,1.09075041,11.0,16.0,5.0,16.0,0.6875,0.3125,6.0,6.0,1.0,,99.3164,94.3368,1.26803,60.1213,5.2856,4.45249,0.833118,6.51764,10.5625,4.88564,1.632,0.5,1.0,1.5,0.375,0.25,0.1875,4.7188,Wing G,15.1583,Mychal Mulder,0.5,4.2188,0.5,4.2188,1.125,0.375,1.125,0.375,0.3333,0.0417,0.3333,0.0417,28.64,27.21,28.64,27.21,2.58151,2.704089999999999,2.58151,2.704089999999999,6.2,16.0,6.2,16.0,13.2,4.800000000000001,13.2,4.800000000000001,2.6094,1.3125,0.3541499999999999,42.245000000000005,3.933555,14.2,15.6,2,mychal mulder,,,,0,2.8051857139902165,0.5692452296199326,3.0,973.0,0,,True,True,True
Nick Calathes,Florida,SEC,36,83.3,114.5,27.8,56.8,59.92,3.0,15.7,35.9,20.7,135,191,0.707,132,238,0.555,73,187,0.39,0.5,3.3,44.9,So,6-Jun,,5.18443,129.089,2.3,2009,3427,all,98.6,1.94116046,,,,,,,,,,45.0,96.2249,93.8213,3.75288,246.623,8.88349,7.0439,1.8396,9.63742,33.3333,7.30155,2.33587,0.8611,4.4722,5.3333,6.4167,1.8889,0.1667,17.1667,,9.04145,Nick Calathes,,,17.1667,0.0,,,5.3333,0.0,,,6.4167,0.0,,,59.92,0.0,,,8.88349,0.0,,,83.3,0.0,,,27.8,0.0,17.1667,5.3333,6.4167,59.92,8.88349,83.3,27.8,1,nick calathes,2009.0,45.0,2.0,1,1.703887941,4.791444922,2.0,2137.0,1,45.0,True,True,True
Nicolas Claxton,Georgia,SEC,32,79.0,104.2,22.2,49.0,53.31,8.4,20.6,12.2,16.9,123,192,0.641,119,234,0.509,18,64,0.281,8.0,1.9,64.4,So,11-Jun,33.0,2.67975,111.902,3.6,2019,51305,all,54.0,0.86565094,78.0,111.0,41.0,123.0,0.7027,0.3333,39.0,42.0,0.9286,31.0,98.5186,93.6517,3.92549,238.255,6.53918,1.36936,5.16982,5.01494,31.5938,2.00112,3.01382,2.25,6.3125,8.5625,1.8125,1.0625,2.5312,12.9688,PF/C,3.57463,Nicolas Claxton,3.9394,9.0294,3.9394,9.0294,3.9091,4.6533999999999995,3.9091,4.6533999999999995,0.1818,1.6307,0.1818,1.6307,50.44,2.8700000000000045,50.44,2.8700000000000045,3.91596,2.62322,3.91596,2.62322,36.2,42.8,36.2,42.8,17.0,5.199999999999999,17.0,5.199999999999999,8.4541,6.2358,0.99715,51.875,5.22757,57.6,19.6,2,nicolas claxton,,,,0,1.5490178525,2.960291157,2.0,911.0,0,,True,True,True
Omer Yurtseven,Georgetown,BE,26,55.2,109.3,27.6,53.9,57.05,15.4,24.2,10.4,16.9,70,93,0.753,162,295,0.549,3,14,0.214,6.1,0.9,30.1,Sr,Jul-00,44.0,3.78826,125.489,4.1,2020,48219,all,89.2,0.52542743,61.0,89.0,101.0,206.0,0.6854,0.4903,26.0,30.0,0.8667,,99.2739,94.5917,3.09014,160.522,5.03256,2.95052,2.08204,4.67626,27.1923,4.29155,0.384716,3.7692,6.0769,9.8462,1.1923,0.4615,1.4615,15.5,C,1.10842,Omer Yurtseven,13.4848,2.0152,5.9091,9.5909,6.7273,3.1189,4.3636,5.4826,0.4545,0.7377999999999999,1.1818,0.0104999999999999,60.96,-3.910000000000004,49.54,7.509999999999998,5.84927,-0.8167099999999996,-0.571031,5.603591,59.3,-4.099999999999994,32.2,23.0,23.0,4.600000000000001,19.1,8.5,11.6313,6.979033333333334,0.9428666666666666,55.85,3.436933,48.9,23.233333333333334,3,omer yurtseven,,,,0,4.384947690509259,0.0581466742918227,1.0,16.0,0,,True,True,True
Patty Mills,Saint Mary's,WCC,24,61.7,108.8,29.0,47.6,52.27,1.6,6.0,25.9,17.1,84,98,0.857,87,191,0.455,63,190,0.332,0.6,3.9,25.7,So,Jun-00,,4.66241,123.834,2.0,2009,49733,all,,1.37879996,,,,,,,,,,55.0,98.513,97.1169,3.4349,143.825,5.16627,4.90741,0.258865,7.47588,33.9583,5.28972,2.18616,0.4583,1.8333,2.2917,3.7917,2.2083,0.2083,18.625,,14.2643,Patty Mills,,,18.625,0.0,,,2.2917,0.0,,,3.7917,0.0,,,52.27,0.0,,,5.16627,0.0,,,61.7,0.0,,,29.0,0.0,18.625,2.2917,3.7917,52.27,5.16627,61.7,29.0,1,patty mills,2009.0,55.0,2.0,1,1.8961536242760124,31.778274181143388,9.0,14477.0,1,55.0,True,True,True
Pierre Jackson,Baylor,B12,36,86.3,114.3,30.6,51.4,57.42,2.2,9.6,41.5,18.6,192,240,0.8,128,261,0.49,88,245,0.359,0.0,2.5,47.4,Sr,10-May,55.0,6.20243,135.657,2.6,2013,23090,all,,2.09014725,84.0,136.0,44.0,126.0,0.6176,0.3492,4.0,4.0,1.0,42.0,99.797,95.441,3.65086,214.001,8.91995,8.65576,0.264188,9.85462,34.7778,8.36336,1.49126,0.6667,3.0833,3.75,7.0833,1.5,0.0,19.7778,Pure PG,11.4254,Pierre Jackson,13.9459,5.831899999999999,13.9459,5.831899999999999,2.8378,0.9122,2.8378,0.9122,5.9189,1.1644000000000003,5.9189,1.1644000000000003,59.41,-1.9899999999999949,59.41,-1.9899999999999949,7.09519,1.8247600000000004,7.09519,1.8247600000000004,77.5,8.799999999999997,77.5,8.799999999999997,26.1,4.5,26.1,4.5,16.86185,3.2939,6.5011,58.415,8.00757,81.9,28.35,2,pierre jackson,2013.0,42.0,2.0,1,5.506516039,0.35119523,1.0,84.0,1,42.0,True,True,True
Quincy Miller,Baylor,B12,36,59.3,107.8,23.3,48.9,54.44,7.6,16.0,11.3,18.6,92,112,0.821,113,238,0.475,24,67,0.358,2.7,1.6,36.7,Fr,9-Jun,30.0,2.78875,117.34,3.1,2012,22556,all,99.2,0.76560917,52.0,82.0,61.0,156.0,0.6341,0.391,14.0,15.0,0.9333,38.0,98.0693,92.523,2.85924,160.106,4.1978,2.62319,1.57461,4.36121,24.4444,3.17127,1.18994,1.5,3.4167,4.9167,1.3611,0.6389,0.6111,10.8333,PF/C,4.53618,Quincy Miller,,,10.8333,0.0,,,4.9167,0.0,,,1.3611,0.0,,,54.44,0.0,,,4.1978,0.0,,,59.3,0.0,,,23.3,0.0,10.8333,4.9167,1.3611,54.44,4.1978,59.3,23.3,1,quincy miller,2012.0,38.0,2.0,1,0.7316303419999999,0.014674538,2.0,908.0,1,38.0,True,True,True
Robert Covington,Tennessee St.,OVC,21,52.5,104.9,26.4,47.9,53.79,10.0,18.2,10.0,18.2,80,96,0.833,75,171,0.439,34,92,0.37,6.2,4.0,36.5,Sr,9-Jun,33.0,3.12846,113.109,3.8,2013,13215,all,,0.51851133,42.0,71.0,33.0,100.0,0.5915,0.33,13.0,15.0,0.8667,,95.433,94.2869,3.38683,158.872,5.34517,2.18947,3.15571,6.11365,31.2381,4.1736,1.94005,2.619,4.9048,7.5238,1.3333,2.1429,1.7619,15.8095,Stretch 4,8.1535,Robert Covington,17.5484,-1.738900000000001,11.5,4.3095,7.8387,-0.3149000000000006,6.5,1.0237999999999996,1.3226,0.0106999999999999,1.1562,0.1771,62.76,-8.969999999999999,52.49,1.2999999999999972,7.90017,-2.5549999999999997,1.35336,3.991810000000001,77.5,-25.0,66.9,-14.400000000000006,26.2,0.1999999999999993,23.5,2.8999999999999986,14.571625,7.278125,1.23875,57.4325,4.4045525,68.55,24.5,4,robert covington,,,,0,1.6953616739468045,39.24441592122336,9.0,15204.0,0,,True,True,True
Royce O'Neale,Baylor,B12,33,79.7,123.1,17.2,55.9,59.72,7.3,13.7,21.8,19.2,68,88,0.773,59,125,0.472,49,112,0.438,1.2,2.3,37.1,Sr,6-Jun,0.0,4.43762,125.518,2.8,2015,21436,all,,2.05447894,53.0,88.0,8.0,38.0,0.6023,0.2105,3.0,4.0,0.75,,96.5234,91.7623,3.94262,178.636,10.3243,6.97426,3.35001,9.14124,32.1212,5.92689,3.21435,2.0,3.8485,5.8485,3.4242,1.1515,0.3333,10.0909,Wing G,6.70205,Royce O'Neale,7.0278,3.0630999999999995,9.9355,0.1554000000000002,5.4444,0.4040999999999997,5.8387,0.0097999999999993,2.8333,0.5909,2.129,1.2952,59.47,0.25,65.09,-5.3700000000000045,7.74491,2.579389999999999,5.16566,5.158639999999999,67.9,11.799999999999995,66.7,13.0,15.8,1.3999999999999986,21.9,-4.699999999999999,9.5526,5.6657,2.963825,60.285,6.65799,75.55000000000001,19.1,4,royce oneale,,,,0,2.044734971074837,17.776263763801342,5.0,8371.0,0,,True,True,True
Ryan Broekhoff,Valparaiso,Horz,33,80.2,119.9,23.5,56.5,62.04,5.3,23.0,15.7,15.8,118,134,0.881,75,154,0.487,83,199,0.417,2.6,2.0,38.0,Sr,7-Jun,45.0,4.59697,125.225,1.7,2013,12925,all,15.6,1.17185734,53.0,80.0,20.0,72.0,0.6625,0.2778,5.0,5.0,1.0,,92.9475,93.5129,3.60347,216.353,7.76371,5.39982,2.36389,9.07982,32.1818,7.45825,1.62157,1.2121,6.0606,7.2727,2.2727,1.0303,0.8182,15.6667,Stretch 4,11.4984,Ryan Broekhoff,15.0,0.6667000000000005,6.4483,9.2184,8.697,-1.4242999999999988,4.069,3.2037000000000004,2.3333,-0.0605999999999999,0.8621,1.4106,63.85,-1.8100000000000025,56.5,5.539999999999999,9.50944,-1.74573,3.6447,4.119009999999999,81.1,-0.8999999999999915,39.6,40.6,22.0,1.5,20.5,3.0,11.7333,6.274825,1.821575,61.1675,6.8662125,67.55,20.475,4,ryan broekhoff,,,,0,1.068132377,1.08489786,2.0,633.0,0,,True,True,True
Scott Machado,Iona,MAAC,33,87.7,121.2,23.2,55.9,60.52,3.1,12.9,44.2,22.2,99,122,0.811,115,214,0.537,40,99,0.404,0.6,2.5,39.0,Sr,1-Jun,3.0,5.00189,125.432,2.9,2012,8890,all,,3.02780559,98.0,172.0,17.0,42.0,0.5698,0.4048,0.0,0.0,,,100.164,100.455,3.1525,231.76,6.21459,5.92048,0.294112,6.93736,35.4848,5.63838,1.29898,0.9091,4.0303,4.9394,9.9091,1.6061,0.2121,13.6061,Pure PG,4.71812,Scott Machado,13.1892,0.4169,9.2903,4.315799999999999,3.8649,1.0745,3.3548,1.5846,7.5946,2.3145000000000007,4.8387,5.0704,50.07,10.450000000000005,50.41,10.110000000000008,1.64168,4.57291,1.76319,4.4514000000000005,84.3,3.4000000000000057,66.4,21.299999999999997,26.0,-2.8000000000000007,26.5,-3.3000000000000007,12.150425,3.846225,6.569475000000001,53.5175,3.39393,77.1,26.025,4,scott machado,,,,0,19.75578782,0.214952661,1.0,19.0,0,,True,True,True
Shaquille Harrison,Tulsa,Amer,32,80.2,105.5,26.4,48.5,52.22,3.6,15.6,27.3,14.1,127,201,0.632,166,326,0.509,8,41,0.195,0.8,3.4,54.8,Sr,3-Jun,3.0,3.43809,117.86,2.7,2016,24342,all,,1.97010214,138.0,230.0,28.0,96.0,0.6,0.2917,22.0,23.0,0.9565,,97.0372,94.9095,3.78802,222.769,5.70592,3.02644,2.67948,5.70772,32.3125,2.93429,2.77342,1.0312,4.5,5.5312,4.125,1.875,0.2188,15.0938,Combo G,2.28741,Shaquille Harrison,13.1471,1.9467,6.7812,8.3126,5.0882,0.4430000000000005,3.8125,1.7187,3.6765,0.4485000000000001,2.8125,1.3125,50.24,1.9799999999999969,45.02,7.199999999999996,6.91765,-1.2117300000000002,0.0253972,5.6805228,78.0,2.200000000000003,66.7,13.5,26.4,0.0,20.0,6.399999999999999,11.145225,4.5712,3.462325,50.0175,4.0179668,74.95,23.174999999999997,4,shaquille harrison,,,,0,1.5606805975,5.471833805,4.0,2671.0,0,,True,True,True
Shawn Long,Louisiana Lafayette,SB,31,74.2,111.7,29.1,53.2,57.07,14.2,28.4,10.1,17.1,144,208,0.692,193,349,0.553,15,56,0.268,5.8,1.3,51.4,Sr,11-Jun,21.0,4.04311,124.853,3.7,2016,28436,all,10.2,0.50589008,174.0,258.0,28.0,103.0,0.6744,0.2718,38.0,40.0,0.95,,96.9989,98.419,3.25822,223.865,4.59623,2.59176,2.00447,5.93433,30.871,5.51826,0.416066,4.1613,7.8387,12.0,1.3871,0.7097,1.8387,18.5484,PF/C,3.27117,Shawn Long,16.4118,2.1366000000000014,15.2812,3.2672000000000008,10.1765,1.8234999999999992,10.1562,1.8438,1.4706,-0.0834999999999999,0.9375,0.4496,59.09,-2.020000000000003,49.35,7.719999999999999,5.82371,-1.22748,-1.24036,5.83659,67.1,7.1000000000000085,77.1,-2.8999999999999915,26.6,2.5,27.8,1.3000000000000007,17.011975,10.663825,1.09395,55.39,2.9509950000000003,72.35,27.700000000000003,4,shawn long,,,,0,1.498527953,0.510164907,1.0,234.0,0,,True,True,True
Sim Bhullar,New Mexico St.,WAC,29,54.0,111.0,21.0,64.2,62.41,13.0,20.5,10.9,22.0,61,114,0.535,120,187,0.642,0,0,0.0,11.1,0.2,61.0,So,5-Jul,2.0,2.16971,111.725,4.3,2014,27469,all,72.2,0.66665055,112.0,146.0,8.0,41.0,0.7671,0.1951,54.0,57.0,0.9474,,94.6776,95.2828,3.10465,168.285,7.06033,1.35661,5.70373,6.10899,26.3448,2.23021,3.87878,2.7241,5.0345,7.7586,1.3793,0.1034,3.3103,10.3793,C,0.0,Sim Bhullar,10.2941,0.0852000000000003,10.2941,0.0852000000000003,6.6765,1.0821000000000005,6.6765,1.0821000000000005,0.7647,0.6145999999999999,0.7647,0.6145999999999999,59.41,3.0,59.41,3.0,6.35713,0.7032000000000007,6.35713,0.7032000000000007,61.8,-7.799999999999997,61.8,-7.799999999999997,21.0,0.0,21.0,0.0,10.3367,7.21755,1.072,60.91,6.70873,57.9,21.0,2,sim bhullar,,,,0,9.761012586,0.018886029,1.0,3.0,0,,True,True,True
Skylar Mays,LSU,SEC,31,85.4,120.5,21.7,56.4,62.18,1.6,13.7,17.0,17.1,129,151,0.854,119,217,0.548,50,127,0.394,0.7,2.9,43.9,Sr,4-Jun,4.0,5.08419,128.213,1.9,2020,48923,all,73.2,1.42854612,95.0,167.0,24.0,50.0,0.5689,0.48,11.0,14.0,0.7857,50.0,101.627,98.0528,3.47332,214.974,6.67674,6.00876,0.66798,7.33626,34.4516,5.45986,1.8764,0.4839,4.5161,5.0,3.2258,1.7419,0.2258,16.6774,Combo G,6.71916,Skylar Mays,13.4286,3.2487999999999992,8.3226,8.3548,3.2571,1.7429,2.2581,2.7419,2.0571,1.1687,3.6452,-0.4194,57.14,5.039999999999999,53.44,8.740000000000002,7.15682,-0.48008,0.488609,6.188130999999999,80.7,4.700000000000003,57.3,28.10000000000001,17.8,3.8999999999999986,21.8,-0.1000000000000014,12.440475,3.6288,2.966875,57.5425,4.70523975,75.2,20.05,4,skylar mays,2020.0,50.0,2.0,1,3.67941513249564,0.5299125499252544,2.0,298.0,1,50.0,True,True,True
Spencer Dinwiddie,Colorado,P12,17,37.4,129.4,21.5,56.5,66.66,1.8,9.6,26.3,15.6,102,119,0.857,35,68,0.515,26,63,0.413,0.8,2.9,90.8,Jr,6-Jun,25.0,4.97557,134.102,2.4,2014,19806,all,73.8,2.13333701,25.0,44.0,10.0,23.0,0.5682,0.4348,4.0,4.0,1.0,38.0,100.765,96.9882,3.50461,96.5382,8.95779,7.04213,1.91566,9.1455,31.1176,5.52197,3.62353,0.4706,2.5882,3.0588,3.7647,1.5294,0.2353,14.7059,Scoring PG,7.073,Spencer Dinwiddie,15.303,-0.5971000000000011,10.0294,4.676499999999999,3.1818,-0.1229999999999997,3.5,-0.4411999999999998,3.0,0.7646999999999999,1.6176,2.1471,59.13,7.529999999999994,57.39,9.269999999999996,7.25466,1.703129999999999,4.20266,4.755129999999999,80.1,-42.7,69.1,-31.699999999999996,24.2,-2.6999999999999993,19.1,2.3999999999999986,13.3461,3.246866666666667,2.7941000000000003,61.06,6.805036666666666,62.2,21.6,3,spencer dinwiddie,2014.0,38.0,2.0,1,0.575555773913717,16.672213879661463,8.0,8544.0,1,38.0,True,True,True
Tahjere McCall,Tennessee St.,OVC,25,72.2,97.7,29.1,45.3,50.69,5.2,11.5,34.4,23.1,115,177,0.65,111,239,0.464,9,36,0.25,2.2,5.0,64.4,Sr,5-Jun,5.0,2.17628,106.366,4.1,2017,26525,all,,1.40401453,83.0,148.0,28.0,91.0,0.5608,0.3077,7.0,10.0,0.7,,92.64,92.7086,4.05692,193.9,5.8856,1.4744,4.41119,5.5388,32.1481,1.37188,4.16691,1.5556,3.4074,4.963,5.1481,2.8148,0.4815,14.2963,Pure PG,2.54202,Tahjere McCall,15.1724,-0.8760999999999992,4.0,10.2963,5.1034,-0.1403999999999996,3.3125,1.6505,2.8966,2.2515000000000005,2.4375,2.7106000000000003,56.34,-5.650000000000006,38.29,12.4,4.18739,1.6982100000000004,-2.79945,8.68505,75.4,-3.200000000000003,47.4,24.800000000000004,27.7,1.400000000000002,20.4,8.700000000000003,10.23755,4.094725,3.1113,48.38,1.242805,60.35,24.55,4,tahjere mccall,,,,0,22.93921509,0.108007988,1.0,8.0,0,,True,True,True
Terance Mann,Florida St.,ACC,37,78.3,119.6,18.4,55.7,60.3,9.1,14.3,15.6,17.3,98,124,0.79,117,214,0.547,30,77,0.39,1.2,1.2,42.6,Sr,7-Jun,14.0,3.91632,123.509,2.8,2019,41748,all,80.2,1.44609509,107.0,165.0,10.0,49.0,0.6485,0.2041,38.0,41.0,0.9268,48.0,98.8553,93.3461,3.92302,203.024,8.26168,5.12471,3.13696,6.61379,31.7297,4.44107,2.17272,2.4865,4.0,6.4865,2.5405,0.6757,0.3243,11.4054,Wing F,3.77214,Terance Mann,12.6176,-1.2121999999999993,5.2059,6.1995000000000005,5.4412,1.0453,3.7059,2.7806,2.5588,-0.0182999999999999,0.8824,1.6581,60.48,-0.1799999999999997,57.83,2.469999999999999,6.25172,2.0099600000000004,4.30024,3.961440000000001,69.9,8.399999999999991,42.3,36.0,20.5,-2.1000000000000014,15.4,2.9999999999999982,9.407225,5.044125,1.9097,59.9475,6.34954,63.275000000000006,17.6,4,terance mann,2019.0,48.0,2.0,1,1.637025765760206,4.404688983431134,3.0,2207.0,1,48.0,True,True,True
Thomas Welsh,UCLA,P12,33,81.2,120.9,17.4,55.2,57.67,9.1,25.8,7.8,9.9,48,58,0.828,117,222,0.527,45,112,0.402,2.8,1.1,17.4,Sr,Jul-00,40.0,3.76185,120.832,2.9,2018,36884,all,92.6,1.35290693,40.0,61.0,77.0,161.0,0.6557,0.4783,10.0,10.0,1.0,58.0,100.591,97.2638,3.62666,239.61,5.10016,3.01093,2.08923,4.99345,33.2121,3.99832,0.995134,2.6364,8.2121,10.8485,1.3939,0.6667,0.8788,12.6364,PF/C,5.69592,Thomas Welsh,10.7812,1.8552,3.8333,8.8031,8.6562,2.1922999999999995,3.8056,7.0428999999999995,1.0,0.3938999999999999,0.2222,1.1717,61.54,-3.8699999999999974,48.28,9.39,5.57556,-0.4754000000000005,3.73674,1.3634199999999996,55.7,25.5,39.0,42.2,16.8,0.5999999999999979,14.2,3.1999999999999993,9.619175,7.94855,0.791125,57.01,4.7579075,60.025000000000006,16.475,4,thomas welsh,2018.0,58.0,2.0,1,1.705812356,0.082024512,1.0,36.0,1,58.0,True,True,True
Tony Mitchell,North Texas,SB,30,80.9,98.2,22.9,48.2,52.27,8.5,20.4,5.2,19.7,97,145,0.669,107,212,0.505,28,97,0.289,8.4,1.8,46.9,So,8-Jun,13.0,1.91288,100.938,3.6,2013,20151,all,97.0,0.29331999,80.0,103.0,27.0,109.0,0.7767,0.2477,34.0,36.0,0.9444,37.0,95.1947,97.5923,3.17928,223.734,2.46772,-0.43196,2.89968,2.53077,32.7667,1.20283,1.32794,2.4667,6.0333,8.5,0.7333,1.0,2.7333,13.1667,PF/C,5.8183,Tony Mitchell,14.7273,-1.560599999999999,9.1667,4.0,10.5455,-2.0455000000000005,5.9,2.5999999999999996,1.5455,-0.8122000000000001,0.5667,0.1665999999999999,63.82,-11.549999999999995,52.98,-0.7099999999999937,9.05275,-6.58503,6.75745,-4.2897300000000005,55.1,25.800000000000004,54.5,26.40000000000001,24.5,-1.6000000000000014,19.6,3.299999999999997,13.088060000000002,7.809020000000001,1.1976,55.416,6.595967999999999,64.03999999999999,23.04,5,tony mitchell,2013.0,37.0,2.0,1,18.57319448,0.107034921,1.0,10.0,1,37.0,True,True,True
Trevon Duval,Duke,ACC,37,73.8,102.9,22.4,47.3,48.93,2.1,4.9,30.3,23.4,53,89,0.596,117,239,0.49,31,107,0.29,0.5,2.8,25.7,Fr,3-Jun,1.0,2.47214,111.573,3.2,2018,50910,all,99.0,2.02938201,87.0,167.0,30.0,72.0,0.521,0.4167,12.0,15.0,0.8,,102.317,96.9205,3.33307,180.636,2.00174,1.50131,0.500434,2.02397,29.7297,0.725481,1.29849,0.5405,1.4324,1.973,5.5946,1.4595,0.1351,10.2703,Pure PG,5.48954,Trevon Duval,,,10.2703,0.0,,,1.973,0.0,,,5.5946,0.0,,,48.93,0.0,,,2.00174,0.0,,,73.8,0.0,,,22.4,0.0,10.2703,1.973,5.5946,48.93,2.00174,73.8,22.4,1,trevon duval,,,,0,6.158812009,0.026414288,1.0,6.0,0,,True,True,True
Troy Caupain,Cincinnati,Amer,36,80.1,112.9,19.1,46.8,50.0,2.3,14.1,24.4,12.9,68,99,0.687,81,179,0.453,49,151,0.325,1.1,2.2,30.0,Sr,4-Jun,10.0,3.09786,114.784,1.8,2017,29028,all,57.8,3.36159593,42.0,70.0,39.0,108.0,0.6,0.3611,2.0,3.0,0.6667,,95.1916,91.799,4.13052,207.235,5.68641,3.23531,2.4511,5.51165,32.2778,2.60662,2.90502,0.6389,3.9444,4.5833,4.3889,1.1667,0.3056,10.4722,Combo G,7.95962,Troy Caupain,12.9697,-2.4974999999999987,5.4412,5.031000000000001,3.7576,0.8257000000000003,2.3235,2.2598000000000003,4.8485,-0.4596,2.2353,2.1535999999999995,49.46,0.5399999999999991,52.51,-2.509999999999998,3.57273,2.1136800000000004,2.06503,3.62138,81.5,-1.4000000000000057,47.7,32.39999999999999,22.7,-3.599999999999998,18.2,0.9000000000000021,9.625175,3.5631500000000003,3.757875,52.067499999999995,3.8780675,71.625,19.975,4,troy caupain,,,,0,19.3177064,0.176321957,1.0,16.0,0,,True,True,True
Tyler Davis,Texas A&M,SEC,35,72.7,115.0,23.6,59.5,60.61,13.3,18.7,8.7,16.3,101,162,0.623,199,327,0.609,7,25,0.28,4.8,0.7,46.0,Jr,10-Jun,34.0,3.92392,126.326,3.5,2018,43667,all,94.0,0.62854999,156.0,220.0,43.0,107.0,0.7091,0.4019,25.0,29.0,0.8621,,98.8758,92.3818,3.74098,204.5,6.37105,3.61628,2.75477,6.26687,29.0857,4.48003,1.78684,3.5143,5.4286,8.9429,1.2571,0.3429,1.3714,14.8571,C,1.374,Tyler Davis,14.1935,0.6636000000000006,2.3333,12.5238,6.9677,1.9752,1.1852,7.7577,1.4194,-0.1622999999999999,0.8148,0.4423000000000001,64.2,-3.5900000000000034,39.81,20.799999999999997,4.87493,1.4961200000000003,-8.25509,14.62614,65.5,7.200000000000003,30.6,42.1,26.6,-3.0,14.6,9.000000000000002,7.686999999999999,3.800528571428571,0.9325428571428572,53.605714285714285,-0.2631114285714284,49.471428571428575,17.9,7,tyler davis,,,,0,20.28796095,0.01142252,1.0,1.0,0,,True,True,True
Tyler Ulis,Kentucky,SEC,35,88.5,125.7,24.1,49.7,56.68,1.7,7.1,34.3,13.0,167,195,0.856,137,282,0.486,55,160,0.344,0.3,2.3,44.1,So,9-May,3.0,6.65772,139.653,2.0,2016,35839,all,96.4,3.56528362,47.0,82.0,90.0,200.0,0.5732,0.45,0.0,0.0,,34.0,101.959,97.3339,3.99541,204.885,9.06995,8.66775,0.402208,9.69273,36.8,7.84836,1.84437,0.5429,2.4571,3.0,7.0286,1.4571,0.1143,17.3143,Pure PG,7.26728,Tyler Ulis,5.6486,11.6657,5.6486,11.6657,1.8108,1.1892,1.8108,1.1892,3.6486,3.38,3.6486,3.38,55.09,1.5899999999999963,55.09,1.5899999999999963,7.45565,1.6143,7.45565,1.6143,56.0,32.5,56.0,32.5,14.7,9.400000000000002,14.7,9.400000000000002,11.48145,2.4054,5.3386,55.885000000000005,8.2628,72.25,19.4,2,tyler ulis,2016.0,34.0,2.0,1,13.33306865,-0.0303988189999999,3.0,2782.0,1,34.0,True,True,True
Tyrell Terry,Stanford,P12,31,78.2,106.0,24.3,53.5,58.92,1.4,14.4,20.3,19.4,98,110,0.891,85,181,0.47,62,152,0.408,0.2,2.5,33.0,Fr,1-Jun,3.0,3.43069,115.961,2.5,2020,70571,all,78.2,1.20728112,58.0,96.0,27.0,85.0,0.6042,0.3176,4.0,4.0,1.0,31.0,90.4644,88.5736,4.34347,202.458,5.17455,2.98222,2.19233,5.15134,32.5484,2.69189,2.45945,0.3548,4.129,4.4839,3.1935,1.3871,0.0645,14.6452,Combo G,8.74519,Tyrell Terry,,,14.6452,0.0,,,4.4839,0.0,,,3.1935,0.0,,,58.92,0.0,,,5.17455,0.0,,,78.2,0.0,,,24.3,0.0,14.6452,4.4839,3.1935,58.92,5.17455,78.2,24.3,1,tyrell terry,2020.0,31.0,2.0,1,2.32256433,0.144283954,1.0,56.0,1,31.0,True,True,True
Wenyen Gabriel,Kentucky,SEC,37,57.5,110.2,14.9,54.8,56.13,9.1,16.2,4.1,18.3,35,56,0.625,45,91,0.495,42,106,0.396,5.4,2.0,28.4,So,9-Jun,32.0,1.6651,108.308,5.3,2018,45274,all,97.2,0.48777182,34.0,61.0,11.0,31.0,0.5574,0.3548,7.0,9.0,0.7778,,97.435,91.4906,3.02981,183.426,7.53988,3.21689,4.323,5.1993,23.0811,1.90558,3.29373,1.7568,3.5946,5.3514,0.5405,0.8108,1.0811,6.7838,PF/C,7.06136,Wenyen Gabriel,4.5789,2.2049000000000003,4.5789,2.2049000000000003,4.8421,0.5092999999999996,4.8421,0.5092999999999996,0.6842,-0.1437,0.6842,-0.1437,49.96,6.170000000000002,49.96,6.170000000000002,5.91362,1.6262600000000005,5.91362,1.6262600000000005,44.1,13.4,44.1,13.4,14.5,0.4000000000000003,14.5,0.4000000000000003,5.68135,5.09675,0.61235,53.045,6.72675,50.8,14.7,2,wenyen gabriel,,,,0,0.195309552,0.80398555,2.0,529.0,0,,True,True,True
Wesley Matthews,Marquette,BE,35,84.8,117.4,24.5,52.7,60.69,4.5,15.4,14.8,16.1,213,257,0.829,151,292,0.517,42,114,0.368,1.6,2.1,63.3,Sr,5-Jun,,5.27078,129.064,2.6,2009,169,all,63.0,1.04874296,,,,,,,,,,,99.754,94.4269,3.74627,224.765,6.92742,5.03011,1.8973,7.49216,34.0286,5.97982,1.51235,1.3143,4.4286,5.7429,2.4571,1.2286,0.5143,18.3143,,5.48192,Wesley Matthews,,,18.3143,0.0,,,5.7429,0.0,,,2.4571,0.0,,,60.69,0.0,,,6.92742,0.0,,,84.8,0.0,,,24.5,0.0,18.3143,5.7429,2.4571,60.69,6.92742,84.8,24.5,1,wesley matthews,,,,0,0.66530690275,32.756546459,8.0,18004.0,0,,True,True,True
Will Barton,Memphis,CUSA,35,87.3,116.3,25.4,55.0,58.75,7.6,18.5,17.3,14.2,134,179,0.749,193,345,0.559,37,107,0.346,2.1,2.4,39.6,So,6-Jun,5.0,5.44022,129.22,2.4,2012,19014,all,97.6,1.34663307,133.0,188.0,60.0,157.0,0.7074,0.3822,41.0,45.0,0.9111,40.0,91.0706,88.4891,4.59015,254.624,9.36629,6.08935,3.27694,9.02343,35.3143,6.72944,2.29398,2.0,5.9714,7.9714,2.8857,1.4286,0.7143,18.0286,Wing F,5.1237,Will Barton,12.3143,5.7143000000000015,12.3143,5.7143000000000015,4.9429,3.0285,4.9429,3.0285,2.8286,0.0571000000000001,2.8286,0.0571000000000001,50.18,8.57,50.18,8.57,3.21681,6.149479999999999,3.21681,6.149479999999999,75.6,11.700000000000005,75.6,11.700000000000005,23.1,2.299999999999997,23.1,2.299999999999997,15.17145,6.45715,2.85715,54.465,6.29155,81.44999999999999,24.25,2,will barton,2012.0,40.0,2.0,1,0.0498251325438675,17.081508571962726,9.0,13664.0,1,40.0,True,True,True
Xavier Silas,Northern Illinois,MAC,25,69.0,103.0,33.5,51.2,58.78,2.9,13.1,15.4,21.5,165,195,0.846,121,254,0.476,46,117,0.393,0.9,2.2,52.6,Sr,5-Jun,13.0,3.95957,120.453,3.4,2011,542,all,54.4,0.46534654,42.0,70.0,79.0,184.0,0.6,0.4293,6.0,6.0,1.0,,105.227,106.764,2.24721,146.689,-0.418817,1.47497,-1.89379,2.65214,32.28,3.97028,-1.31814,0.84,3.76,4.6,1.88,1.2,0.28,21.8,Wing G,8.3484,Xavier Silas,19.72,2.080000000000002,19.72,2.080000000000002,5.28,-0.6800000000000006,5.28,-0.6800000000000006,1.64,0.24,1.64,0.24,53.46,5.32,53.46,5.32,1.37964,-1.798457,1.37964,-1.798457,65.5,3.5,65.5,3.5,29.6,3.8999999999999986,29.6,3.8999999999999986,20.76,4.9399999999999995,1.7599999999999998,56.120000000000005,0.4804115,67.25,31.55,2,xavier silas,,,,0,18.56294287,0.076845249,1.0,7.0,0,,True,True,True
Yante Maten,Georgia,SEC,33,84.5,116.1,28.2,49.7,56.74,11.8,15.7,11.6,12.8,193,241,0.801,178,361,0.493,29,85,0.341,4.7,0.8,54.0,Sr,8-Jun,1.0,5.35452,133.114,2.5,2018,36942,all,55.2,0.76121761,109.0,177.0,69.0,186.0,0.6158,0.371,18.0,18.0,1.0,,99.9626,94.4508,4.10358,209.487,8.06517,4.98483,3.08034,9.02122,34.303,7.06624,1.95498,3.5152,5.0606,8.5758,1.5455,0.4545,1.4848,19.2727,PF/C,4.57543,Yante Maten,18.2069,1.0657999999999994,5.0,14.2727,6.7931,1.7826999999999993,4.25,4.325799999999999,1.4828,0.0627000000000002,0.25,1.2955,59.85,-3.109999999999999,46.86,9.880000000000004,7.80541,0.25976,2.11744,5.94773,61.7,22.799999999999997,43.1,41.4,30.3,-2.1000000000000014,18.5,9.7,14.76695,6.912075,1.0181,54.7725,5.286615,65.95,26.125,4,yante maten,,,,0,16.03365807,0.123069827,1.0,13.0,0,,True,True,True
Yogi Ferrell,Indiana,B10,35,86.5,124.9,24.7,55.0,59.99,3.5,9.3,28.4,16.9,136,164,0.829,117,240,0.487,79,188,0.42,0.1,1.8,38.3,Sr,Jun-00,11.0,5.926,136.329,1.9,2016,43165,all,96.0,2.21588511,75.0,123.0,42.0,117.0,0.6098,0.359,0.0,0.0,,,104.504,100.148,3.45797,190.272,6.40013,6.79787,-0.397745,6.58039,34.7143,6.4724,0.107999,0.9714,2.8286,3.8,5.5714,1.0857,0.0286,17.3429,Scoring PG,8.9377,Yogi Ferrell,,,17.3429,0.0,,,3.8,0.0,,,5.5714,0.0,,,59.99,0.0,,,6.40013,0.0,,,86.5,0.0,,,24.7,0.0,17.3429,3.8,5.5714,59.99,6.40013,86.5,24.7,1,yogi ferrell,,,,0,0.1520346003999999,6.9206816049999995,5.0,5227.0,0,,True,True,True
