player_name_clean,year,team,conf,yr,Unnamed_64,was_drafted,draft_pick,is_diamond,raptor_total_mean,war_total_sum,GP,Min_per,Ortg,usg,eFG,TS_per,ORB_per,DRB_per,AST_per,TO_per,FTM,FTA,FT_per,twoPM,twoPA,twoP_per,TPM,TPA,TP_per,blk_per,stl_per,ftr,num,porpag,adjoe,pfr,year_1,Rec_Rank,ast_tov,rimmade,rimmade_rimmiss,midmade,midmade_midmiss,rimmade_rimmade_rimmiss,midmade_midmade_midmiss,dunksmade,dunksmiss_dunksmade,dunksmade_dunksmade_dunksmiss,drtg,adrtg,dporpag,stops,bpm,obpm,dbpm,gbpm,mp,ogbpm,dgbpm,oreb,dreb,treb,ast,stl,blk,pts,Unnamed_65,pts_improvement,pts_total_improvement,treb_improvement,treb_total_improvement,ast_improvement,ast_total_improvement,TS_per_improvement,TS_per_total_improvement,bpm_improvement,bpm_total_improvement,Min_per_improvement,Min_per_total_improvement,usg_improvement,usg_total_improvement,pts_career_avg,treb_career_avg,ast_career_avg,TS_per_career_avg,bpm_career_avg,Min_per_career_avg,usg_career_avg,years_in_college,ppg,rpg,apg,spg,bpg,orpg,drpg,per,tsa,usage_rate,ast_to_ratio,offensive_rating,ts_pct,efg_pct,two_pt_pct,two_pt_rate,three_pt_pct,three_pt_rate,three_pt_made_per_game,ft_pct,ft_rate,ft_made_per_game,rim_pct,mid_pct,dunk_pct,orb_rate,drb_rate,total_reb_rate,reb_dominance,stl_rate,blk_rate,defensive_rating,adj_defensive_rating,defensive_contrib,height_inches,class_year_numeric,is_freshman,is_sophomore,is_junior,is_senior,years_played,is_major_conf,conf_avg_offense,conf_avg_defense,conf_avg_bpm,pos_C,pos_Combo_G,pos_PF_C,pos_Pure_PG,pos_Scoring_PG,pos_Stretch_4,pos_Wing_F,pos_Wing_G,games_played_pct,is_starter,mpg,total_minutes,scoring_versatility,well_rounded_score,efficiency_composite,predicted_drafted_proba,predicted_drafted,predicted_pick,model_predicted_low,is_model_diamond
Austin Reaves,2021,Oklahoma,B12,Sr,Combo G,0,29.0,True,0.4129260058122228,0.2238556962294207,25,78.7,110.9,28.4,49.4,57.88,2.8,15.1,27.0,17.7,147,170,0.865,107,209,0.512,32,105,0.305,1.0,1.5,54.1,12.0,5.15228,128.965,1.9,2021,55.6,1.54666662,59.0,96.0,48.0,113.0,0.6146,0.4248,2.0,3.0,0.6667,101.794,96.7477,3.59621,153.335,5.74304,4.89766,0.845381,6.36497,34.48,5.54387,0.821101,0.84,4.64,5.48,4.64,0.92,0.32,18.28,7.05509,3.570300000000002,14.2194,0.1897000000000002,3.6921,1.6399999999999997,3.5187999999999997,5.8700000000000045,-6.189999999999991,1.9135799999999996,-1.9230800000000008,-4.3999999999999915,50.8,2.799999999999997,12.9,11.2853,3.91985,2.697875,59.1075,5.5309,60.724999999999994,21.575,4,0.7312000000000001,0.2192,0.1856,0.0368,0.0128,0.0336,0.1856,0.0150647264816951,388.8,28.4,1.5254237288135597,110.9,57.88,49.4,0.512,0.6655838986019553,0.305,0.3343842552784943,1.28,0.865,54.1,5.88,0.6146,0.4248,0.6667,2.8,15.1,17.9,0.0027852604828462,1.5,1.0,101.794,96.7477,0.0496,76.0,4.0,0,0,0,1,4,1,99.40220383513908,95.92017496339678,1.3750968510980963,0,1,0,0,0,0,0,0,0.7142857142857143,1,78.7,1967.5,2,0.02408,0.6248088587570623,0.06617691328336728,0,,True,True
Ayo Dosunmu,2021,Illinois,B10,Jr,Combo G,1,38.0,True,4.895107822037483,0.2952210183947814,28,78.4,110.8,29.4,52.6,56.64,3.9,15.8,29.2,18.0,112,143,0.783,178,347,0.513,32,83,0.386,0.6,1.8,33.3,11.0,5.51004,131.045,2.4,2021,93.8,1.58065879,113.0,173.0,65.0,175.0,0.6532,0.3714,10.0,10.0,1.0,95.7054,88.8015,4.62736,194.087,8.56789,5.21167,3.35622,8.2811,35.1429,5.92089,2.36021,1.1071,5.2143,6.3214,5.25,1.1071,0.2143,20.1429,4.72946,3.5428999999999995,6.330400000000001,1.988099999999999,2.3213999999999997,1.9167,2.0,2.4299999999999997,3.910000000000004,4.2027600000000005,4.79063,-3.1999999999999886,3.6000000000000085,3.8999999999999986,5.599999999999998,16.8518,4.8849,3.944433333333333,54.526666666666664,5.570093333333333,78.26666666666667,26.233333333333334,3,0.7193892857142857,0.2257642857142857,0.1875,0.0395392857142857,0.0076535714285714,0.0395392857142857,0.186225,0.0150489930348349,492.92,29.4,1.6222222222222222,110.8,56.64,52.6,0.513,0.8069579777214484,0.386,0.1930187670054184,1.1428571428571428,0.783,33.3,4.0,0.6532,0.3714,1.0,3.9,15.8,19.7,0.0028796465014577,1.8,0.6,95.7054,88.8015,0.0471928571428571,76.0,3.0,0,0,1,0,3,1,95.86980244727272,94.40784193939392,1.5600026573333332,0,1,0,0,0,0,0,0,0.8,1,78.4,2195.2000000000003,3,0.0239284642857142,0.6785117469135802,0.9253099382496679,1,30.6611967847979,True,True
Charles Brown III,2019,Incarnate Word,Slnd,Sr,Wing G,0,29.0,True,6.350950023,0.189185564,25,53.2,104.6,23.6,59.0,62.49,3.2,13.3,9.9,21.0,44,51,0.863,82,132,0.621,22,63,0.349,0.0,1.5,26.2,13.0,1.58407,107.328,4.8,2019,55.6,0.46154704,56.0,79.0,26.0,53.0,0.7089,0.4906,2.0,2.0,1.0,118.539,120.522,0.71246,85.6866,-5.39664,-0.166992,-5.22965,-3.6545,22.0345,-0.148018,-3.50649,0.4828,2.2069,2.6897,0.8276,0.5172,0.0,10.7931,6.51099,-2.706899999999999,-2.706899999999999,-2.5026,-2.5026,-0.3646999999999999,-0.3646999999999999,7.609999999999999,7.609999999999999,-0.80417,-0.80417,-20.200000000000003,-20.200000000000003,0.8000000000000007,0.8000000000000007,12.14655,3.941,1.00995,58.685,-4.994555,63.3,23.200000000000003,2,0.431724,0.107588,0.033104,0.0206879999999999,0.0,0.019312,0.088276,0.0111484876053563,217.44,23.6,0.4714285714285714,104.6,62.49,59.0,0.621,0.6768883646992462,0.349,0.3230603558791857,0.88,0.863,26.2,1.76,0.7089,0.4906,1.0,3.2,13.3,16.5,0.0020223308270676,1.5,0.0,118.539,120.522,0.0206879999999999,76.0,4.0,0,0,0,1,2,0,85.29455799506293,107.57405367248062,-4.563291830590513,0,0,0,0,0,0,0,1,0.7142857142857143,1,53.2,1330.0,2,0.00986196,0.337403619047619,0.0023997605980935954,0,,True,True
Cody Martin,2019,Nevada,MWC,Sr,Scoring PG,1,36.0,True,1.6896050603501969,4.090116068429047,34,86.1,119.0,18.4,56.4,59.58,3.0,11.1,25.6,16.7,74,97,0.763,117,203,0.576,34,95,0.358,2.3,2.2,32.6,11.0,3.59768,117.562,2.9,2019,85.6,2.57803864,73.0,102.0,44.0,101.0,0.7157,0.4356,14.0,15.0,0.9333,95.2508,93.9723,4.24096,231.781,6.17052,3.51245,2.65807,6.08489,34.4412,3.0644,3.02049,0.9118,3.5294,4.4412,4.8529,1.3529,0.7059,12.0588,4.54837,-1.9968000000000004,8.637699999999999,-1.8087999999999995,2.4412000000000003,0.1585,3.6424,2.6999999999999957,11.129999999999995,-1.6141899999999998,1.8332799999999991,0.5,71.19999999999999,-3.1000000000000014,-3.8000000000000007,8.89145,4.2637,3.257625,53.7375,5.550195,62.625,19.35,4,0.3546705882352941,0.1306235294117647,0.1427323529411764,0.0397911764705882,0.0207617647058823,0.0268176470588235,0.1038058823529411,0.0079974106804308,340.68,18.4,1.532934131736527,119.0,59.58,56.4,0.576,0.6811851951276803,0.358,0.3187812489513775,1.0,0.763,32.6,2.176470588235294,0.7157,0.4356,0.9333,3.0,11.1,14.1,0.0015171141627382,2.2,2.3,95.2508,93.9723,0.0605529411764705,76.0,4.0,0,0,0,1,4,1,92.93598795833331,100.93951789617486,-1.2958425583333335,0,0,0,0,1,0,0,0,0.9714285714285714,1,86.1,2927.3999999999996,3,0.0179237647058823,0.6384346813040586,0.4522741039671252,0,43.40136896666889,True,True
Dalano Banton,2021,Nebraska,B10,So,Stretch 4,1,46.0,True,3.526804219833936,0.29813018022053,26,68.4,92.6,22.8,44.6,48.63,3.7,18.4,27.5,21.9,56,84,0.667,66,133,0.496,19,79,0.241,3.6,1.9,39.6,45.0,1.5723,101.812,3.1,2021,81.8,1.56715703,44.0,73.0,22.0,60.0,0.6027,0.3667,3.0,5.0,0.6,100.274,92.6329,3.28808,153.221,4.53524,0.503364,4.03187,3.9687,27.2593,1.32237,2.64633,1.0,4.8889,5.8889,3.8889,0.963,0.9259,9.5556,6.0565,6.1685,6.1685,2.9212,2.9212,1.7921,1.7921,2.039999999999999,2.039999999999999,5.67035,5.67035,34.400000000000006,34.400000000000006,3.1999999999999993,3.1999999999999993,6.47135,4.4283,2.99285,47.61,1.700065,51.2,21.200000000000003,2,0.3675230769230769,0.2264961538461538,0.1495730769230769,0.0370384615384615,0.0356115384615384,0.0384615384615384,0.1880346153846153,0.011933299970198,248.96,22.8,1.2557077625570776,92.6,48.63,44.6,0.496,0.6273288995802085,0.241,0.3726239328333569,0.7307692307692307,0.667,39.6,2.1538461538461537,0.6027,0.3667,0.6,3.7,18.4,22.1,0.0033113472784525,1.9,3.6,100.274,92.6329,0.0726499999999999,76.0,2.0,0,1,0,0,2,1,95.86980244727272,94.40784193939392,1.5600026573333332,0,0,0,0,0,1,0,0,0.7428571428571429,1,68.4,1778.4,1,0.0214530769230769,0.5438770847285642,0.7452183191155612,1,44.21999532161048,True,True
Daniel Gafford,2019,Arkansas,SEC,So,C,1,38.0,True,1.1966259838227389,3.586984921354407,32,67.0,112.3,25.2,65.9,65.11,11.2,22.7,6.0,18.2,114,193,0.591,213,323,0.659,0,0,0.0,8.4,1.8,59.8,10.0,3.78329,125.761,3.8,2019,92.4,0.30265264,182.0,224.0,31.0,99.0,0.8125,0.3131,86.0,91.0,0.9451,95.1262,90.6895,3.82935,217.448,6.45392,2.10357,4.35035,7.27672,28.6875,5.11414,2.16258,2.8438,5.8125,8.6562,0.7188,0.9062,1.9688,16.875,0.0,5.074999999999999,5.074999999999999,2.4848,2.4848,0.0331,0.0331,5.68,5.68,-1.2323899999999997,-1.2323899999999997,11.200000000000005,11.200000000000005,1.3999999999999986,1.3999999999999986,14.3375,7.4138,0.70225,62.27,7.0701149999999995,61.4,24.5,2,0.52734375,0.27050625,0.0224625,0.02831875,0.061525,0.08886875,0.181640625,0.0135843582819109,407.92,25.2,0.3296703296703296,112.3,65.11,65.9,0.659,0.9999690412061546,0.0,0.0,0.0,0.591,59.8,3.5625,0.8125,0.3131,0.9451,11.2,22.7,33.9,0.0040374067164179,1.8,8.4,95.1262,90.6895,0.08984375,76.0,2.0,0,1,0,0,2,1,94.01291170199778,96.98600367483296,0.82669820954495,1,0,0,0,0,0,0,0,0.9142857142857144,1,67.0,2144.0,1,0.0205664375,0.52789536996337,0.9209017479426725,1,19.1821260933103,False,False
DeJon Jarreau,2021,Houston,Amer,Sr,Scoring PG,0,29.0,True,7.233509939615241,0.0050576229408669,31,70.6,108.5,23.5,48.9,52.35,4.9,16.4,29.3,22.0,64,91,0.703,86,181,0.475,31,90,0.344,2.4,2.7,33.6,3.0,3.22812,118.177,3.6,2021,89.6,1.79728538,42.0,73.0,44.0,108.0,0.5753,0.4074,6.0,6.0,1.0,88.292,86.41,4.00515,177.428,7.53878,3.84892,3.68986,7.52932,28.2581,3.94722,3.5821,1.2581,4.129,5.3871,4.2903,1.2581,0.5484,10.6129,6.28312,0.0,0.0,0.0,0.0,0.0,0.0,0.0,0.0,0.0,0.0,0.0,0.0,0.0,0.0,10.6129,5.3871,4.2903,52.35,7.53878,70.6,23.5,1,0.3423516129032258,0.1737774193548387,0.1383967741935484,0.0405838709677419,0.0176903225806451,0.0405838709677419,0.1331935483870967,0.0100962711492682,311.04,23.5,1.3318181818181818,108.5,52.35,48.9,0.475,0.6678720342422789,0.344,0.3320910667503044,1.0,0.703,33.6,2.064516129032258,0.5753,0.4074,1.0,4.9,16.4,21.299999999999997,0.002461436534771,2.7,2.4,88.292,86.41,0.0582741935483871,76.0,4.0,0,0,0,1,1,1,91.6297160968064,98.82074710578844,-1.3494654568862274,0,0,0,0,1,0,0,0,0.8857142857142857,1,70.6,2188.6,1,0.0182623548387096,0.6147927979797979,0.7962793254179825,1,,False,False
Devon Dotson,2020,Kansas,B12,So,Scoring PG,0,29.0,True,14.03219586,0.424086108,29,84.2,114.1,26.3,51.1,57.41,1.9,10.5,23.3,15.9,140,169,0.828,140,261,0.536,35,116,0.302,0.3,3.6,44.8,1.0,5.75034,132.892,2.0,2020,96.0,1.64385812,123.0,192.0,17.0,69.0,0.6406,0.2464,0.0,0.0,1.0,89.9735,85.6658,5.03973,201.924,8.91698,6.08648,2.83051,9.97168,34.8667,5.80861,4.16308,0.5667,3.5,4.0667,4.0,2.1,0.1,18.1333,6.71176,5.855499999999999,5.855499999999999,0.3999999999999999,0.3999999999999999,0.4721999999999999,0.4721999999999999,-1.5500000000000045,-1.5500000000000045,3.0472600000000005,3.0472600000000005,4.0,4.0,6.5,6.5,15.20555,3.8667,3.7639,58.185,7.39335,82.2,23.05,2,0.6252862068965517,0.1402310344827586,0.1379310344827586,0.0724137931034482,0.0034482758620689,0.0195413793103448,0.1206896551724138,0.0116307165586184,451.36,26.3,1.4654088050314469,114.1,57.41,51.1,0.536,0.6922893291955121,0.302,0.3076841463091165,1.206896551724138,0.828,44.8,4.827586206896552,0.6406,0.2464,0.0,1.9,10.5,12.4,0.0016654517159472,3.6,0.3,89.9735,85.6658,0.0758620689655172,76.0,2.0,0,1,0,0,2,1,99.40220383513908,95.92017496339678,1.3750968510980963,0,0,0,0,1,0,0,0,0.8285714285714286,1,84.2,2441.8,2,0.0221609310344827,0.6694728672257163,0.9161278497178796,1,,False,False
Duane Washington Jr.,2021,Ohio St.,B10,Jr,Combo G,0,29.0,True,15.89331936291454,0.0386120569478861,31,79.4,107.7,25.9,51.7,55.08,0.6,11.1,18.8,15.3,76,91,0.835,82,179,0.458,89,238,0.374,0.1,0.8,21.8,4.0,4.21488,123.481,2.0,2021,66.6,1.34326562,50.0,92.0,32.0,87.0,0.5435,0.3678,2.0,2.0,1.0,108.213,100.575,2.942,147.207,4.18031,5.36115,-1.18084,4.75638,32.1613,5.53228,-0.775908,0.1613,3.2258,3.3871,2.9032,0.4194,0.0323,16.3548,14.0928,4.890500000000001,9.3548,0.6371000000000002,0.9014000000000002,1.4746,1.8461,0.9499999999999956,8.350000000000001,1.3755400000000004,5.7503400000000005,23.500000000000007,36.60000000000001,2.8999999999999986,1.6999999999999993,11.606366666666666,2.8742666666666667,1.7962999999999998,51.98,1.805016666666667,59.36666666666667,24.366666666666664,3,0.5275741935483871,0.1092612903225806,0.0936516129032258,0.0135290322580645,0.0010419354838709,0.0052032258064516,0.104058064516129,0.009383564704783,457.04,25.9,1.2287581699346406,107.7,55.08,51.7,0.458,0.4292463010479365,0.374,0.5707297187117815,2.870967741935484,0.835,21.8,2.4516129032258065,0.5435,0.3678,1.0,0.6,11.1,11.7,0.0013760867798813,0.8,0.1,108.213,100.575,0.0145709677419354,76.0,3.0,0,0,1,0,3,1,95.86980244727272,94.40784193939392,1.5600026573333332,0,1,0,0,0,0,0,0,0.8857142857142857,1,79.4,2461.4,3,0.012664129032258,0.5564671855482933,0.5071022213767827,1,,False,False
Garrison Mathews,2019,Lipscomb,ASun,Sr,Wing G,0,29.0,True,2.7999503354999997,2.8614461330000003,35,74.6,113.9,28.4,55.6,61.58,2.6,17.4,12.9,14.3,180,210,0.857,99,202,0.49,112,278,0.403,0.9,1.4,43.8,24.0,4.03519,126.444,2.5,2019,55.6,0.85366837,55.0,97.0,43.0,104.0,0.567,0.4135,6.0,6.0,1.0,97.241,97.8277,3.27393,210.111,4.14348,4.54479,-0.401311,6.59808,29.2432,6.43014,0.167943,0.6757,4.6486,5.3243,1.8919,0.8108,0.2432,20.3243,14.3122,-1.3423999999999978,9.0985,-0.1302000000000003,1.8082000000000005,0.1342999999999998,0.4079999999999999,0.019999999999996,6.509999999999998,0.6077400000000002,3.938616,-1.4000000000000057,23.09999999999999,0.8999999999999986,3.0,18.39795,4.972175,1.85365,59.5225,2.4829435,70.325,27.225,4,0.5806942857142857,0.1521228571428571,0.0540542857142857,0.0231657142857142,0.0069485714285714,0.0193057142857142,0.1328171428571428,0.0109515091861003,572.4,28.4,0.902097902097902,113.9,61.58,55.6,0.49,0.4208245661548718,0.403,0.5791546009458136,3.2,0.857,43.8,5.142857142857143,0.567,0.4135,1.0,2.6,17.4,20.0,0.0020391803906549,1.4,0.9,97.241,97.8277,0.0301142857142857,76.0,4.0,0,0,0,1,4,0,82.50828812639517,107.19042009063445,-5.135093121206637,0,0,0,0,0,0,0,1,1.0,1,74.6,2611.0,3,0.014023,0.5412244335664336,0.14344092765028266,0,,True,True
Herbert Jones,2021,Alabama,SEC,Sr,Wing F,1,35.0,True,0.8210833686297284,0.3560304619087679,33,67.9,103.3,24.3,48.1,52.89,9.4,15.2,21.7,22.9,93,130,0.715,109,232,0.47,20,57,0.351,4.0,3.4,45.0,1.0,2.81162,115.078,4.2,2021,70.6,1.16127313,99.0,186.0,10.0,47.0,0.5323,0.2128,22.0,25.0,0.88,89.826,84.3453,4.04557,220.768,8.9201,2.63997,6.28013,7.70857,27.2727,3.08215,4.62643,2.4848,4.0909,6.5758,3.2727,1.7273,1.1212,11.2424,3.41342,3.3164999999999996,7.0424,0.1684000000000001,3.0901,0.9764,1.9013,0.0200000000000031,8.29,4.37962,6.0910899999999994,11.200000000000005,16.400000000000006,6.699999999999999,8.8,7.4303,4.992225,2.22775,48.9875,4.6100375,57.2,19.825,4,0.3406787878787878,0.1992666666666666,0.0991727272727272,0.0523424242424242,0.0339757575757575,0.0752969696969697,0.1239666666666666,0.0106838457453217,346.2,24.3,0.9475982532751092,103.3,52.89,48.1,0.47,0.802740389605896,0.351,0.1972250095152417,0.6060606060606061,0.715,45.0,2.8181818181818183,0.5323,0.2128,0.88,9.4,15.2,24.6,0.00293470790378,3.4,4.0,89.826,84.3453,0.0863181818181818,76.0,4.0,0,0,0,1,4,1,94.01291170199778,96.98600367483296,0.82669820954495,0,0,0,0,0,0,1,0,0.9428571428571428,1,67.9,2240.7000000000003,2,0.0199908484848484,0.5969236948083454,0.6492758202457923,1,47.15458930156456,True,True
Jacob Wiley,2021,Illinois Chicago,Horz,Sr,PF/C,0,29.0,True,6.245221693,0.151260086,16,16.3,88.3,15.3,50.0,48.97,10.2,21.4,2.5,23.4,6,14,0.429,11,21,0.524,1,4,0.25,2.5,0.0,56.0,3.0,-0.209085,78.503,6.3,2021,55.6,0.22222222,11.0,16.0,0.0,5.0,0.6875,0.0,3.0,3.0,1.0,101.926,102.785,0.757704,27.0485,-8.48193,-6.4902,-1.99173,-7.64343,9.0625,-5.90709,-1.73634,0.8125,1.75,2.5625,0.125,0.0,0.25,1.9375,1.58805,-2.0,-18.4743,-0.5625,-6.5257000000000005,-0.5938,-2.2279,-2.75,-19.90000000000001,-6.67675,-14.09367,-15.2,-67.3,-2.1999999999999993,-14.2,6.17018,3.89718,0.7752399999999999,53.34400000000001,-2.4329840000000003,34.059999999999995,18.2,5,0.12109375,0.16015625,0.0078125,0.0,0.015625,0.05078125,0.109375,0.0186917679536827,31.16,15.3,0.1068376068376068,88.3,48.97,50.0,0.524,0.8396641343462614,0.25,0.159936025589764,0.0625,0.429,56.0,0.375,0.6875,0.0,1.0,10.2,21.4,31.6,0.0098255368098159,0.0,2.5,101.926,102.785,0.015625,76.0,4.0,0,0,0,1,5,0,86.71442391926666,105.1334352,-3.3573028458133334,0,0,1,0,0,0,0,0,0.4571428571428571,0,16.3,260.8,1,0.0062890625,0.2004053452041785,0.01698459099455151,0,,True,True
Jalen Harris,2021,Cal St. Fullerton,BW,Jr,Scoring PG,1,59.0,True,0.73376772,0.310242784,9,23.8,79.5,22.4,28.6,41.18,2.4,7.4,20.1,25.7,19,26,0.731,7,24,0.292,2,11,0.182,0.0,1.5,74.3,0.0,-0.280227,80.1383,3.9,2021,55.6,1.19999997,7.0,21.0,0.0,3.0,0.3333,0.0,0.0,0.0,1.0,112.127,112.184,0.825335,22.3412,-9.37558,-5.00738,-4.3682,-8.87955,16.4,-5.36861,-3.51094,0.4,1.1,1.5,1.8,0.4,0.0,5.2,4.21788,1.2000000000000002,4.2833000000000006,-1.6667,1.1667,-2.533300000000001,0.8,3.4399999999999977,16.54,-5.99714,6.791119999999999,10.7,15.3,2.8999999999999986,3.599999999999998,8.251677777777779,2.8534444444444444,2.788355555555556,46.41111111111111,-2.649119333333333,41.82222222222222,21.155555555555555,9,0.5777777777777778,0.1666666666666666,0.2,0.0444444444444444,0.0,0.0444444444444444,0.1222222222222222,0.0415480136314831,46.44,22.4,0.7821011673151752,79.5,41.18,28.6,0.292,0.6855184233076265,0.182,0.3141959440159954,0.2222222222222222,0.731,74.3,2.111111111111111,0.3333,0.0,0.0,2.4,7.4,9.8,0.0070028011204481,1.5,0.0,112.127,112.184,0.0444444444444444,76.0,3.0,0,0,1,0,9,0,86.40021700765027,104.88189316005472,-3.388821361885246,0,0,0,0,1,0,0,0,0.2571428571428571,0,23.8,214.2,0,0.0215555555555555,0.2345737963683528,0.021144526537296975,0,42.421884871151484,True,True
Jamil Wilson,2020,Arkansas Pine Bluff,SWAC,Fr,Combo G,0,29.0,True,0.653547317,0.476629003,25,23.8,67.4,20.7,33.3,36.91,0.5,10.3,23.4,28.3,13,23,0.565,20,58,0.345,2,11,0.182,0.4,1.1,33.3,10.0,-0.717808,66.6713,1.6,2020,55.6,1.0,10.0,18.0,10.0,39.0,0.5556,0.2564,0.0,0.0,1.0,105.643,110.548,0.645667,39.5794,-12.2293,-8.74942,-3.47987,-9.40723,11.1538,-6.24137,-3.16586,0.0385,0.8846,0.9231,1.0385,0.2308,0.0385,2.3846,2.3808,-9.3342,-2.3462000000000005,-4.9831,-2.3076999999999996,-1.524,0.0769999999999999,-13.990000000000002,-13.160000000000004,-16.58404,-15.21989,-46.400000000000006,-9.999999999999996,-2.6000000000000014,3.1999999999999993,7.115899999999999,3.81286,1.47906,48.58,1.7000279999999997,49.68,19.72,5,0.095384,0.036924,0.04154,0.009232,0.00154,0.00154,0.035384,0.007757012487185,79.12,20.7,0.8268551236749115,67.4,36.91,33.3,0.345,0.8404579046514997,0.182,0.1593971888132154,0.08,0.565,33.3,0.52,0.5556,0.2564,0.0,0.5,10.3,10.8,0.0015514285714285,1.1,0.4,105.643,110.548,0.010772,76.0,1.0,1,0,0,0,5,0,76.77796961988506,109.67256494252874,-6.900971059099617,0,1,0,0,0,0,0,0,0.7142857142857143,0,23.8,595.0,0,0.0044311199999999,0.1777511248527679,0.06697014716314376,0,,True,True
JaQuori McLaughlin,2021,UC Santa Barbara,BW,Sr,Pure PG,0,29.0,True,23.40514497672963,0.0255501778081418,25,81.6,120.9,25.5,55.6,60.98,2.8,10.2,32.6,14.6,99,119,0.832,96,180,0.533,39,98,0.398,0.5,2.8,42.8,3.0,4.89501,128.483,1.9,2021,81.2,2.66673465,49.0,78.0,47.0,102.0,0.6282,0.4608,5.0,7.0,0.7143,95.7584,96.636,3.46734,148.724,7.40538,6.45492,0.950467,8.51178,32.3077,6.66259,1.84919,0.6923,2.7692,3.4615,5.2308,1.5,0.1538,16.0385,7.16955,0.0,0.0,0.0,0.0,0.0,0.0,0.0,0.0,0.0,0.0,0.0,0.0,0.0,0.0,16.0385,3.4615,5.2308,60.98,7.40538,81.6,25.5,1,0.64154,0.13846,0.209232,0.06,0.0061519999999999,0.027692,0.110768,0.0129335640511566,330.36,25.5,2.232876712328767,120.9,60.98,55.6,0.533,0.6474587245063127,0.398,0.352505305564548,1.56,0.832,42.8,3.96,0.6282,0.4608,0.7143,2.8,10.2,13.0,0.0016968137254901,2.8,0.5,95.7584,96.636,0.066152,76.0,4.0,0,0,0,1,1,0,86.40021700765027,104.88189316005472,-3.388821361885246,0,0,0,1,0,0,0,0,0.7142857142857143,1,81.6,2040.0,3,0.02416908,0.7414537458143075,0.7474334992247359,1,,False,False
Joel Ayayi,2021,Gonzaga,WCC,Jr,Wing G,0,29.0,True,6.6172894740286,0.0185344873474383,32,77.8,129.2,16.4,64.8,66.63,6.6,18.6,12.6,15.1,50,64,0.781,113,165,0.685,37,95,0.389,0.6,1.8,24.6,11.0,4.54506,127.334,2.3,2021,70.0,1.89133918,101.0,132.0,12.0,33.0,0.7652,0.3636,6.0,6.0,1.0,94.2153,90.3547,3.98589,207.064,10.529,7.12616,3.40281,8.85822,31.25,6.24653,2.61169,1.5938,5.2812,6.875,2.7188,1.0625,0.1875,12.0938,5.09027,1.4573999999999998,10.4851,0.5416999999999996,5.4837,-0.4933,2.1971,7.519999999999996,12.729999999999997,2.1867300000000007,3.88897,4.5,69.2,-1.2000000000000028,1.9999999999999984,8.112966666666667,4.866533333333334,2.150866666666667,59.879999999999995,8.503766666666666,53.23333333333333,16.133333333333333,3,0.37793125,0.21484375,0.0849625,0.033203125,0.005859375,0.04980625,0.1650375,0.0092133306019818,288.16,16.4,0.8344370860927153,129.2,66.63,64.8,0.685,0.634590977270105,0.389,0.3653705626706665,1.15625,0.781,24.6,1.5625,0.7652,0.3636,1.0,6.6,18.6,25.200000000000003,0.002761487789203,1.8,0.6,94.2153,90.3547,0.0390625,76.0,3.0,0,0,1,0,3,1,88.87587890690185,101.67666042944784,-1.8270555521165643,0,0,0,0,0,0,0,1,0.9142857142857144,1,77.8,2489.6,3,0.0153809375,0.6569652317880795,0.6766781523994595,1,,False,False
John Konchar,2019,Fort Wayne,Sum,Sr,Wing G,0,29.0,True,1.950305742823985,2.2661933619914643,30,86.8,119.9,28.3,59.1,62.26,7.3,20.5,30.0,16.6,126,171,0.737,166,266,0.624,45,129,0.349,3.0,3.3,43.3,55.0,4.96926,128.715,2.6,2019,55.6,1.96700026,127.0,181.0,39.0,85.0,0.7017,0.4588,14.0,17.0,0.8235,103.475,103.497,3.12694,241.372,8.81736,6.41511,2.40226,8.17262,34.2727,6.40215,1.77047,2.2121,6.3333,8.5455,5.4242,1.9697,0.9394,19.4545,6.73515,4.606,6.3294999999999995,0.454600000000001,-0.9856999999999996,0.7271999999999998,2.7367,4.699999999999996,-2.4499999999999957,0.8099900000000009,1.4990300000000012,-6.1000000000000085,-2.799999999999997,7.300000000000001,11.3,15.584275,8.723725,4.156725,63.73,7.7832825,89.825,20.9,4,0.6484833333333333,0.28485,0.1808066666666666,0.0656566666666666,0.0313133333333333,0.0737366666666666,0.21111,0.0139528266020483,470.24,28.3,1.8072289156626504,119.9,62.26,59.1,0.624,0.6734006734006734,0.349,0.3265740107845371,1.5,0.737,43.3,4.2,0.7017,0.4588,0.8235,7.3,20.5,27.8,0.0032816820276497,3.3,3.0,103.475,103.497,0.09697,76.0,4.0,0,0,0,1,4,0,88.2993537595712,107.29278254211332,-4.101742574272588,0,0,0,0,0,0,0,1,0.8571428571428571,1,86.8,2604.0,1,0.0291111,0.7219592128514055,0.8218290854286409,1,,False,False
Killian Tillie,2020,Gonzaga,WCC,Sr,Stretch 4,0,29.0,True,2.436513038245211,0.1072611670769041,24,44.6,128.2,21.6,61.3,63.02,5.9,16.6,13.1,10.3,45,62,0.726,87,140,0.621,36,90,0.4,3.4,2.2,27.0,33.0,4.23063,135.11,4.0,2020,75.6,1.875,56.0,78.0,31.0,62.0,0.7179,0.5,7.0,10.0,0.7,91.6652,88.3657,3.31314,131.077,9.53437,6.87654,2.65783,11.2845,24.625,7.75802,3.52644,1.2083,3.7917,5.0,1.875,1.0,0.8333,13.625,8.32754,7.425,9.4432,1.1333000000000002,1.7576,0.4083000000000001,1.2386,2.3500000000000014,1.0700000000000005,0.1188699999999993,0.5298999999999996,27.8,18.6,4.300000000000001,5.0,9.230875,4.499499999999999,1.4112,63.13,9.27328,37.575,19.1,4,0.5677083333333334,0.2083333333333333,0.078125,0.0416666666666666,0.0347208333333333,0.0503458333333333,0.1579875,0.0208642482786969,257.28,21.6,1.2718446601941746,128.2,63.02,61.3,0.621,0.608669188296161,0.4,0.3912873353332464,1.5,0.726,27.0,1.875,0.7179,0.5,0.7,5.9,16.6,22.5,0.0046711509715994,2.2,3.4,91.6652,88.3657,0.0763875,76.0,4.0,0,0,0,1,4,1,88.87587890690185,101.67666042944784,-1.8270555521165643,0,0,0,0,0,1,0,0,0.6857142857142857,1,44.6,1070.4,2,0.0206075,0.6769555733549083,0.8396811962251249,1,,False,False
Louis King,2019,Oregon,P12,Fr,Wing F,0,29.0,True,3.1218270954999996,0.4922537,32,61.8,103.9,23.7,52.2,55.23,5.4,16.0,9.0,17.5,62,79,0.785,89,187,0.476,59,153,0.386,1.0,1.7,23.2,2.0,2.47035,111.728,3.3,2019,96.2,0.625,52.0,90.0,37.0,97.0,0.5778,0.3814,3.0,6.0,0.5,96.1853,92.3979,3.77226,167.162,2.03329,1.07698,0.956308,3.6347,29.5625,2.48995,1.14476,1.2812,4.0625,5.3438,1.25,0.8438,0.2188,13.0312,9.91856,0.0,0.0,0.0,0.0,0.0,0.0,0.0,0.0,0.0,0.0,0.0,0.0,0.0,0.0,13.0312,5.3438,1.25,55.23,2.03329,61.8,23.7,1,0.407225,0.16699375,0.0390625,0.02636875,0.0068375,0.0400375,0.126953125,0.0104609098861757,374.76,23.7,0.5142857142857142,103.9,55.23,52.2,0.476,0.5499838240051763,0.386,0.4499867650951443,1.84375,0.785,23.2,1.9375,0.5778,0.3814,0.5,5.4,16.0,21.4,0.0027021642394822,1.7,1.0,96.1853,92.3979,0.03320625,76.0,1.0,1,0,0,0,1,1,94.08093363381712,98.21150253991291,0.1192216822496371,0,0,0,0,0,0,1,0,0.9142857142857144,1,61.8,1977.6,3,0.0122952499999999,0.4417976904761905,0.9178555640691299,1,,False,False
Markus Howard,2020,Marquette,BE,Sr,Scoring PG,0,29.0,True,0.8803556098989853,-0.9291653780881428,29,78.9,113.5,37.3,52.9,59.27,1.9,9.1,26.2,15.3,211,249,0.847,115,266,0.432,121,294,0.412,0.1,1.6,44.5,0.0,6.99401,147.085,2.9,2020,86.6,0.96940188,53.0,115.0,62.0,151.0,0.4609,0.4106,0.0,0.0,1.0,102.441,96.787,3.46101,159.341,6.77259,8.7538,-1.9812,10.2147,33.2069,10.0579,0.156854,0.5517,2.931,3.4828,3.2759,0.931,0.0345,27.7241,17.0929,2.694700000000001,14.4983,-0.4878,1.257,-0.6358999999999999,1.0177999999999998,0.2600000000000051,-9.309999999999995,1.4885600000000003,1.6004000000000005,-3.899999999999991,25.90000000000001,1.0999999999999943,11.799999999999995,21.597775,3.213925,3.052625,61.9825,5.1627,72.6,32.0,4,0.956003448275862,0.1200965517241379,0.1129620689655172,0.032103448275862,0.0011896551724137,0.0190241379310344,0.1010689655172413,0.0154923932852878,669.56,37.3,1.712418300653595,113.5,59.27,52.9,0.432,0.474991518008607,0.412,0.5249906251674077,4.172413793103448,0.847,44.5,7.275862068965517,0.4609,0.4106,0.0,1.9,9.1,11.0,0.0015221362702679,1.6,0.1,102.441,96.787,0.0332931034482758,76.0,4.0,0,0,0,1,4,1,93.83258947992177,96.71146846153846,0.8161047483963494,0,0,0,0,1,0,0,0,0.8285714285714286,1,78.9,2288.1000000000004,2,0.0198097586206896,0.6673785334059551,0.4148859639231102,0,,False,False
Marques Bolden,2019,Duke,ACC,Jr,C,0,29.0,True,18.330944264,0.13598342,35,43.7,123.3,13.0,57.9,62.22,11.2,13.3,3.6,15.7,53,73,0.726,66,107,0.617,0,7,0.0,8.5,1.6,64.0,20.0,2.04587,118.553,4.4,2019,97.4,0.63992723,60.0,84.0,6.0,23.0,0.7143,0.2609,34.0,36.0,0.9444,92.5207,86.8064,2.80625,140.786,8.28668,2.65654,5.63015,5.4986,19.0286,1.51469,3.98391,1.9429,2.5143,4.4571,0.4571,0.5429,1.6571,5.2857,0.570643,1.4236000000000004,3.744,0.8708999999999998,3.3737999999999997,-0.1291,0.3738,0.5600000000000023,14.54,-0.1759500000000002,9.53674,18.300000000000004,33.1,-1.1999999999999993,-3.3000000000000007,3.563166666666667,3.0422,0.3755333333333333,57.18666666666667,5.1664166666666675,26.566666666666663,14.5,3,0.15102,0.1273457142857142,0.01306,0.0155114285714285,0.0473457142857142,0.0555114285714285,0.0718371428571428,0.0081071061974096,146.12,13.0,0.2292993630573248,123.3,62.22,57.9,0.617,0.9385141654240856,0.0,0.0613981229716691,0.0,0.726,64.0,1.5142857142857142,0.7143,0.2609,0.9444,11.2,13.3,24.5,0.0029140895717554,1.6,8.5,92.5207,86.8064,0.0628571428571428,76.0,3.0,0,0,1,0,3,1,94.29089391539276,97.15641040339705,0.2930991121019108,1,0,0,0,0,0,0,0,1.0,1,43.7,1529.5,1,0.0108652285714285,0.5376557070063694,0.3377943704965313,0,,False,False
Matt Mooney,2019,Texas Tech,B12,Sr,Scoring PG,0,29.0,True,10.88704539,0.130557838,38,76.9,98.4,22.4,49.3,52.66,0.8,10.6,20.3,21.2,68,87,0.782,107,239,0.448,49,127,0.386,0.4,3.5,23.8,13.0,2.06718,106.818,2.5,2019,55.6,1.30848522,56.0,94.0,51.0,145.0,0.5957,0.3517,0.0,1.0,0.0,88.0742,83.4874,4.9086,236.733,5.48032,1.65734,3.82298,5.29635,30.9737,0.840008,4.45634,0.1842,2.9211,3.1053,3.2368,1.8421,0.1053,11.2895,6.43137,-7.445799999999998,4.4274,-0.9534999999999996,1.1743,0.1486,1.4437000000000002,-2.980000000000004,-2.930000000000007,-0.0873100000000004,6.65272,-2.0,32.60000000000001,-7.200000000000003,1.2999999999999972,13.883499999999998,3.391425,2.551575,55.235,3.2884375,69.875,25.25,4,0.2970921052631579,0.0817184210526315,0.085178947368421,0.0484763157894736,0.0027710526315789,0.0048473684210526,0.0768710526315789,0.0067000660459036,404.28,22.4,0.9575471698113208,98.4,52.66,49.3,0.448,0.6529876232889812,0.386,0.3469850550531406,1.2894736842105263,0.782,23.8,1.7894736842105263,0.5957,0.3517,0.0,0.8,10.6,11.4,0.0010626582711655,3.5,0.4,88.0742,83.4874,0.0512473684210526,76.0,4.0,0,0,0,1,4,1,99.40220383513908,95.92017496339678,1.3750968510980963,0,0,0,0,1,0,0,0,1.0,1,76.9,2922.2000000000003,2,0.0131371842105263,0.5399327966457023,0.192435631647051,0,,True,True
Max Strus,2019,DePaul,BE,Sr,Wing G,0,29.0,True,12.153065424865945,1.2756021280994436,35,90.3,115.8,23.4,53.3,57.49,3.5,14.7,11.3,12.7,128,152,0.842,119,230,0.517,113,311,0.363,1.6,1.4,28.1,31.0,4.67559,123.716,3.1,2019,55.6,1.10000002,74.0,110.0,45.0,120.0,0.6727,0.375,13.0,15.0,0.8667,108.582,105.904,3.06655,225.679,3.23316,4.83783,-1.60467,3.3906,37.4286,4.58055,-1.18995,1.1143,4.8,5.9143,2.2,0.9429,0.4857,20.1429,13.1871,3.336400000000001,3.336400000000001,0.2690999999999999,0.2690999999999999,-0.5418999999999996,-0.5418999999999996,2.8700000000000045,2.8700000000000045,-2.45076,-2.45076,1.5999999999999943,1.5999999999999943,0.0,0.0,18.4747,5.77975,2.47095,56.055,4.458539999999999,89.5,23.4,2,0.5755114285714286,0.16898,0.0628571428571428,0.02694,0.0138771428571428,0.0318371428571428,0.1371428571428571,0.0093927245919171,607.88,23.4,0.8897637795275591,115.8,57.49,53.3,0.517,0.425130773922848,0.363,0.5748507421304597,3.2285714285714286,0.842,28.1,3.657142857142857,0.6727,0.375,0.8667,3.5,14.7,18.2,0.0018713178294573,1.4,1.6,108.582,105.904,0.0408171428571428,76.0,4.0,0,0,0,1,2,1,93.83258947992177,96.71146846153846,0.8161047483963494,0,0,0,0,0,0,0,1,1.0,1,90.3,3160.5,3,0.0157307142857142,0.5110486421697288,0.0860684541373225,0,,True,True
Nicolas Claxton,2019,Georgia,SEC,So,PF/C,0,29.0,True,1.5490178525,2.960291157,32,79.0,104.2,22.2,49.0,53.31,8.4,20.6,12.2,16.9,123,192,0.641,119,234,0.509,18,64,0.281,8.0,1.9,64.4,33.0,2.67975,111.902,3.6,2019,54.0,0.86565094,78.0,111.0,41.0,123.0,0.7027,0.3333,39.0,42.0,0.9286,98.5186,93.6517,3.92549,238.255,6.53918,1.36936,5.16982,5.01494,31.5938,2.00112,3.01382,2.25,6.3125,8.5625,1.8125,1.0625,2.5312,12.9688,3.57463,9.0294,9.0294,4.6533999999999995,4.6533999999999995,1.6307,1.6307,2.8700000000000045,2.8700000000000045,2.62322,2.62322,42.8,42.8,5.199999999999999,5.199999999999999,8.4541,6.2358,0.99715,51.875,5.22757,57.6,19.6,2,0.405275,0.267578125,0.056640625,0.033203125,0.0791,0.0703125,0.197265625,0.0106556144951958,382.48,22.2,0.7218934911242604,104.2,53.31,49.0,0.509,0.7852085500486561,0.281,0.2147578940304016,0.5625,0.641,64.4,3.84375,0.7027,0.3333,0.9286,8.4,20.6,29.0,0.0033870648734177,1.9,8.0,98.5186,93.6517,0.112303125,76.0,2.0,0,1,0,0,2,1,94.01291170199778,96.98600367483296,0.82669820954495,0,0,1,0,0,0,0,0,0.9142857142857144,1,79.0,2528.0,1,0.02290025,0.5335633879026956,0.7357174770796557,1,,False,False
Omer Yurtseven,2020,Georgetown,BE,Sr,C,0,29.0,True,4.384947690509259,0.0581466742918227,26,55.2,109.3,27.6,53.9,57.05,15.4,24.2,10.4,16.9,70,93,0.753,162,295,0.549,3,14,0.214,6.1,0.9,30.1,44.0,3.78826,125.489,4.1,2020,89.2,0.52542743,61.0,89.0,101.0,206.0,0.6854,0.4903,26.0,30.0,0.8667,99.2739,94.5917,3.09014,160.522,5.03256,2.95052,2.08204,4.67626,27.1923,4.29155,0.384716,3.7692,6.0769,9.8462,1.1923,0.4615,1.4615,15.5,1.10842,2.0152,9.5909,3.1189,5.4826,0.7377999999999999,0.0104999999999999,-3.910000000000004,7.509999999999998,-0.8167099999999996,5.603591,-4.099999999999994,23.0,4.600000000000001,8.5,11.6313,6.979033333333334,0.9428666666666666,55.85,3.436933,48.9,23.233333333333334,3,0.5961538461538461,0.3787,0.0458576923076923,0.01775,0.0562115384615384,0.1449692307692307,0.233726923076923,0.0198308958270915,349.92,27.6,0.6153846153846154,109.3,57.05,53.9,0.549,0.954661661434905,0.214,0.0453059771528429,0.1153846153846153,0.753,30.1,2.6923076923076925,0.6854,0.4903,0.8667,15.4,24.2,39.6,0.0068605072463768,0.9,6.1,99.2739,94.5917,0.0739615384615384,76.0,4.0,0,0,0,1,3,1,93.83258947992177,96.71146846153846,0.8161047483963494,1,0,0,0,0,0,0,0,0.7428571428571429,1,55.2,1435.2,2,0.022766,0.5090854017094016,0.6439555128124052,1,,False,False
Skylar Mays,2020,LSU,SEC,Sr,Combo G,1,50.0,True,3.67941513249564,0.5299125499252544,31,85.4,120.5,21.7,56.4,62.18,1.6,13.7,17.0,17.1,129,151,0.854,119,217,0.548,50,127,0.394,0.7,2.9,43.9,4.0,5.08419,128.213,1.9,2020,73.2,1.42854612,95.0,167.0,24.0,50.0,0.5689,0.48,11.0,14.0,0.7857,101.627,98.0528,3.47332,214.974,6.67674,6.00876,0.66798,7.33626,34.4516,5.45986,1.8764,0.4839,4.5161,5.0,3.2258,1.7419,0.2258,16.6774,6.71916,3.2487999999999992,8.3548,1.7429,2.7419,1.1687,-0.4194,5.039999999999999,8.740000000000002,-0.48008,6.188130999999999,4.700000000000003,28.10000000000001,3.8999999999999986,-0.1000000000000014,12.440475,3.6288,2.966875,57.5425,4.70523975,75.2,20.05,4,0.5379806451612903,0.1612903225806451,0.104058064516129,0.0561903225806451,0.0072838709677419,0.0156096774193548,0.1456806451612903,0.010149882337832,410.44,21.7,0.9941520467836256,120.5,62.18,56.4,0.548,0.6307956164064998,0.394,0.3691753146710851,1.6129032258064515,0.854,43.9,4.161290322580645,0.5689,0.48,0.7857,1.6,13.7,15.3,0.0018886454634735,2.9,0.7,101.627,98.0528,0.0634741935483871,76.0,4.0,0,0,0,1,4,1,94.01291170199778,96.98600367483296,0.82669820954495,0,1,0,0,0,0,0,0,0.8857142857142857,1,85.4,2647.4,3,0.0191153548387096,0.5956736718648473,0.2526383042642146,0,40.25034808441133,True,True
Terance Mann,2019,Florida St.,ACC,Sr,Wing F,1,48.0,True,1.637025765760206,4.404688983431134,37,78.3,119.6,18.4,55.7,60.3,9.1,14.3,15.6,17.3,98,124,0.79,117,214,0.547,30,77,0.39,1.2,1.2,42.6,14.0,3.91632,123.509,2.8,2019,80.2,1.44609509,107.0,165.0,10.0,49.0,0.6485,0.2041,38.0,41.0,0.9268,98.8553,93.3461,3.92302,203.024,8.26168,5.12471,3.13696,6.61379,31.7297,4.44107,2.17272,2.4865,4.0,6.4865,2.5405,0.6757,0.3243,11.4054,3.77214,-1.2121999999999993,6.1995000000000005,1.0453,2.7806,-0.0182999999999999,1.6581,-0.1799999999999997,2.469999999999999,2.0099600000000004,3.961440000000001,8.399999999999991,36.0,-2.1000000000000014,2.9999999999999982,9.407225,5.044125,1.9097,59.9475,6.34954,63.275000000000006,17.6,4,0.308254054054054,0.1753108108108108,0.0686621621621621,0.0182621621621621,0.0087648648648648,0.0672027027027027,0.1081081081081081,0.0073978551038793,345.56,18.4,0.9017341040462428,119.6,60.3,55.7,0.547,0.7353699185594997,0.39,0.2645957183601938,0.8108108108108109,0.79,42.6,2.6486486486486487,0.6485,0.2041,0.9268,9.1,14.3,23.4,0.002238963101032,1.2,1.2,98.8553,93.3461,0.027027027027027,76.0,4.0,0,0,0,1,4,1,94.29089391539276,97.15641040339705,0.2930991121019108,0,0,0,0,0,0,1,0,1.0,1,78.3,2897.1,3,0.0120379459459459,0.6055540115606936,0.7283858300023979,1,45.97421775005839,True,True
Tyrell Terry,2020,Stanford,P12,Fr,Combo G,1,31.0,True,2.32256433,0.144283954,31,78.2,106.0,24.3,53.5,58.92,1.4,14.4,20.3,19.4,98,110,0.891,85,181,0.47,62,152,0.408,0.2,2.5,33.0,3.0,3.43069,115.961,2.5,2020,78.2,1.20728112,58.0,96.0,27.0,85.0,0.6042,0.3176,4.0,4.0,1.0,90.4644,88.5736,4.34347,202.458,5.17455,2.98222,2.19233,5.15134,32.5484,2.69189,2.45945,0.3548,4.129,4.4839,3.1935,1.3871,0.0645,14.6452,8.74519,0.0,0.0,0.0,0.0,0.0,0.0,0.0,0.0,0.0,0.0,0.0,0.0,0.0,0.0,14.6452,4.4839,3.1935,58.92,5.17455,78.2,24.3,1,0.4724258064516129,0.1446419354838709,0.103016129032258,0.0447451612903225,0.0020806451612903,0.0114451612903225,0.1331935483870967,0.0098069886684734,381.4,24.3,1.0463917525773196,106.0,58.92,53.5,0.47,0.5435272214047626,0.408,0.456442749466983,2.0,0.891,33.0,3.161290322580645,0.6042,0.3176,1.0,1.4,14.4,15.8,0.0018496411187195,2.5,0.2,90.4644,88.5736,0.0468258064516129,76.0,1.0,1,0,0,0,1,1,94.08093363381712,98.21150253991291,0.1192216822496371,0,1,0,0,0,0,0,0,0.8857142857142857,1,78.2,2424.2000000000003,3,0.0164203225806451,0.5655749169530355,0.9114033604066794,1,25.853219383400535,False,False
